,0
0,"

var gptadslots=[],googletag=googletag||{};googletag.cmd=googletag.cmd||[]


function loadFreemium(){if(""undefined""!=typeof frm&&null!=frm&&""function""==typeof frm)frm();else{var e=document.createElement(""script"");e.async=!0,e.type=""text/javascript"";var t=""https:""==document.location.protocol;e.src=(t?""https:"":""http:"")+""//e00-elmundo.uecdn.es/js/1475575201_marca.js"";var r=document.getElementsByTagName(""script"")[0];r.parentNode.insertBefore(e,r),frm()};clearTimeout(secFrm)}var secFrm=setTimeout(function(){loadFreemium()},5e3);
function initAdServer(){loadFreemium()}
var pbjs=pbjs||{};pbjs.que=pbjs.que||[];(function(){var e=document.createElement(""script"");e.type=""text/javascript"",e.async=!0,e.src=""//e00-elmundo.uecdn.es/js/pbma.js"";var t=document.getElementsByTagName(""head"")[0];t.insertBefore(e,t.firstChild)})()
Sevillista será hasta la muerte | Marca.com
window.Krux||((Krux=function(){Krux.q.push(arguments)}).q=[]);(function(){var k=document.createElement('script');k.type='text/javascript';k.async=true;var m,src=(m=location.href.match(/\bkxsrc=([^&]+)/))&&decodeURIComponent(m[1]);k.src=/^https?:\/\/([a-z0-9_\-\.]+\.)?krxd\.net(:\d{1,5})?\//i.test(src)?src:src===""disable""?"""":(location.protocol===""https:""?""https:"":""http:"")+""//cdn.krxd.net/controltag?confid=qu0qz3ohn"";var s=document.getElementsByTagName('script')[0];s.parentNode.insertBefore(k,s);}())
!function(a9,a,p,s,t,A,g){if(a[a9])return;function q(c,r){a[a9]._Q.push([c,r])}a[a9]={init:function(){q(""i"",arguments)},fetchBids:function(){q(""f"",arguments)},setDisplayBids:function(){},targetingKeys:function(){return[]},_Q:[]};A=p.createElement(s);A.async=!0;A.src=t;g=p.getElementsByTagName(s)[0];g.parentNode.insertBefore(A,g)}(""apstag"",window,document,""script"",""//c.amazon-adsystem.com/aax2/apstag.js"")

function DM_prepClient(csid,client){var cat=document.location.href.split('/');url_section=cat[6];client.DM_addEncToLoc(""as_section"",url_section);}

var nav_continua_active=true;
var cookieList=document.cookie.split(';');cookieList.forEach(function(item){if(typeof item==""string""&&item.indexOf(""REGMARCA"")!=-1){var ifr_seed=document.createElement(""iframe"");ifr_seed.src=""https://5214106.fls.doubleclick.net/activityi;src=5214106;type=corp;cat=regis00;dc_lat=;dc_rdid=;tag_for_child_directed_treatment=;ord=""+Math.random()*1000000000000+""?"";ifr_seed.width=""1"";ifr_seed.height=""1"";ifr_seed.style.display=""none"";ifr_seed.setAttribute(""frameborder"",""0"");var node=document.body.getElementsByTagName(""script"")[0];node.parentNode.insertBefore(ifr_seed,node);}});var sectionMainMenuActive='default';var uniqueCtId='5be9b8cb468aeb4d458b45ab';var activeUeNavigation=true;
var uePages = [{""url"":""https://www.marca.com/primera-plana/2018/04/23/5adb8a3846163feb678b457b.html"",""titulo"":""Resistir y vencer: la batalla sobre el ring de los niños saharauis""},{""url"":""https://www.marca.com/primera-plana/opinion/2018/04/22/5adb896f46163f59608b4582.html"",""titulo"":""&quot;Wenger cambió el club, pero  le sobraron dos legislaturas&quot;""},{""url"":""https://www.marca.com/primera-plana/2018/04/22/5adb85be46163f51688b4576.html"",""titulo"":""La huella del &#039;zorro&#039; Heynckes""},{""url"":""https://www.marca.com/ciclismo/2018/04/16/5ad384d3468aebce568b45a1.html"",""titulo"":""José Ángel de la Casa a su hijo Javi: &quot;Creo que no volvería a ser periodista&quot;""},{""url"":""https://www.marca.com/futbol/2018/04/15/5ad307a4268e3eaa478b45ac.html"",""titulo"":""Juan Ignacio Zoido: &quot; La Policía protegerá a la afición española en el Mundial de Rusia&quot;""},{""url"":""https://www.marca.com/primera-plana/2018/04/11/5ac8ec2846163f501f8b458c.html"",""titulo"":""Ojos que sí ven: la increíble historia de superación de Luis Picos""},{""url"":""https://www.marca.com/primera-plana/2018/04/10/5ac8eb0e46163ff8218b458c.html"",""titulo"":""Ganar en un congelador: corriendo por el lago Baikal""},{""url"":""https://www.marca.com/primera-plana/2018/04/09/5ac8e41746163f12328b45a5.html"",""titulo"":""Dawn Fraser, la campeona escandalosa""},{""url"":""https://www.marca.com/primera-plana/2018/04/08/5ac8e28c46163fe7298b458b.html"",""titulo"":""A propósito de la &#039;mamá viral&#039;: &quot;Es muy cruel tener que empezar de cero por ser madre&quot;""},{""url"":""https://www.marca.com/primera-plana/2018/04/03/5abe7ea2e5fdeaaa708b465e.html"",""titulo"":""El fútbol no es así""},{""url"":""https://www.marca.com/primera-plana/2018/04/02/5abf4d24e2704ee5728b4616.html"",""titulo"":""Freire: &quot;En Flandes me pasaba lo que ahora a Sagan en San Remo&quot;""},{""url"":""https://www.marca.com/primera-plana/opinion/2018/04/01/5abe7c91e5fdea94508b462b.html"",""titulo"":""&quot;Tras el 6-1 Argentina es más favorita que antes, como en el 86&quot;""},{""url"":""https://www.marca.com/primera-plana/2018/04/01/5abe7b42e5fdea824f8b460a.html"",""titulo"":""Viaje al fondo de una paliza histórica""},{""url"":""https://www.marca.com/primera-plana/2018/04/01/5abe78e5e5fdea56638b461a.html"",""titulo"":""La religión del ciclismo, el mes de los adoquines""},{""url"":""https://www.marca.com/primera-plana/2018/03/27/5ab56a3b468aeb37748b45fd.html"",""titulo"":""El tour de las nieves: así es la carrera de esquí de montaña más dura y salvaje""},{""url"":""https://www.marca.com/primera-plana/2018/03/26/5aa261f6ca4741e3148b45de.html"",""titulo"":""Forjadores de estrellas""},{""url"":""https://www.marca.com/primera-plana/opinion/2018/03/25/5ab6b979468aeb4b178b464b.html"",""titulo"":""Los ángeles de Ibra""},{""url"":""https://www.marca.com/primera-plana/2018/03/25/5ab56e33468aebb5438b4657.html"",""titulo"":""&quot;A un piloto de F1 le da igual si las órdenes se las da una mujer o una ardilla&quot;""},{""url"":""https://www.marca.com/primera-plana/2018/03/19/5aaf8b0aca47416c4a8b4574.html"",""titulo"":""Aimar: &quot;Messi decide cómo acaba el partido, se levanta cada mañana sabiendo si va a ganar o no&quot;""},{""url"":""https://www.marca.com/primera-plana/2018/03/19/5aaf86cbca4741e93e8b45c3.html"",""titulo"":""El Mundial de Motociclismo como importante banco de pruebas médicas""},{""url"":""https://www.marca.com/primera-plana/2018/03/18/5aad6d69468aeb137e8b4577.html"",""titulo"":""Es la guerra: el rebrote ultra, una amenaza mundial""},{""url"":""https://www.marca.com/primera-plana/opinion/2018/03/18/5aad704a468aeb3e268b4571.html"",""titulo"":""La poca vergüenza""},{""url"":""https://www.marca.com/primera-plana/2018/03/18/5aad7140468aeb152d8b4576.html"",""titulo"":""José Antonio Nieto: &quot;Pedimos a la UEFA que no tire balones fuera&quot;""},{""url"":""https://www.marca.com/primera-plana/2018/03/14/5aa2d0bdca47410f2e8b465a.html"",""titulo"":""El &#039;FabFive&#039; del Estudiantes: los cracks del 2000""},{""url"":""https://www.marca.com/primera-plana/2018/03/13/5aa2ce76ca4741902e8b4669.html"",""titulo"":""El otro equipo del futbolista""},{""url"":""https://www.marca.com/primera-plana/2018/03/12/5a99a6b2e5fdeaf2218b46b6.html"",""titulo"":""Barba, la reina mundial del dardo que nace en un bar de Moratalaz""},{""url"":""https://www.marca.com/primera-plana/2018/03/11/5aa2cc20ca47412d348b4625.html"",""titulo"":""La FIFA se echa las manos a la cabeza: el fútbol cuida  a sus jóvenes cerebros""},{""url"":""https://www.marca.com/primera-plana/2018/03/07/5a9bdb7e268e3e33708b4610.html"",""titulo"":""El &#039;Mendes&#039; del fútbol femenino: &quot;Las chicas deciden más que los chicos&quot;""},{""url"":""https://www.marca.com/primera-plana/2018/03/06/5a9bd964268e3e473d8b460a.html"",""titulo"":""Cuando el presidente del PSG, Nasser Ghanim Al-Khelaifi, ganó una Copa Davis""},{""url"":""https://www.marca.com/futbol/real-madrid/2018/03/05/5a985985e2704e8f368b4630.html"",""titulo"":""Yo jugué con Zidane y los galácticos""},{""url"":""https://www.marca.com/primera-plana/2018/03/04/5a99cbe7ca4741815b8b4625.html"",""titulo"":""El legado de Quini: la conversación inédita donde reconoce cómo le gustaría ser recordado""},{""url"":""https://www.marca.com/primera-plana/2018/02/28/5a943b29ca474176518b45c5.html"",""titulo"":""La gran famimila granota: en el Levante se juega a todo""},{""url"":""https://www.marca.com/primera-plana/2018/02/27/5a943950ca4741e9668b45f2.html"",""titulo"":""El &#039;Rey Salomón&#039; del fútbol""},{""url"":""https://www.marca.com/futbol/real-madrid/2018/02/26/5a932ba6268e3e86588c079c.html"",""titulo"":""Cuando el Madrid fue rojo""},{""url"":""https://www.marca.com/primera-plana/2018/02/25/5a91badbca4741be658b45f5.html"",""titulo"":""&quot;Simeone rompió la comunión entre dos mitos&quot;""},{""url"":""https://www.marca.com/primera-plana/2018/02/25/5a91ba29ca474164048b45da.html"",""titulo"":""Robert Swift, un malote de la NBA en Gijón: &quot;El baloncesto traerá alegría a mi vida&quot;""},{""url"":""https://www.marca.com/primera-plana/2018/02/21/5a882fc346163f24188b461a.html"",""titulo"":""El regate a la leucemia  de Pereyra: del cáncer a los 13 a jugar en el estadio de su vida""},{""url"":""https://www.marca.com/primera-plana/2018/02/20/5a88405f46163fc37c8b4592.html"",""titulo"":""El mejor cerrojo de Europa es un portero español""},{""url"":""https://www.marca.com/primera-plana/2018/02/19/5a88421246163fdc1a8b4613.html"",""titulo"":""Ramón Gutiérrez, el aventurero que atravesó el Atlántico a palazos para salvar el planeta""},{""url"":""https://www.marca.com/primera-plana/2018/02/18/5a89ba2fe2704e70578b45e7.html"",""titulo"":""Las mejores frases de la entrevista de Ovrebo en Primera Plana""},{""url"":""https://www.marca.com/futbol/champions-league/2018/02/18/5a89485d268e3e173b8b45f6.html"",""titulo"":""Los 6 errores de Ovrebo en su noche más negra durante aquel Chelsea-Barça""},{""url"":""https://www.marca.com/primera-plana/2018/02/18/5a88444f46163f282c8b460d.html"",""titulo"":""Ovrebo, tras el Chelsea-Barça: &quot;Esa noche tuvimos que cambiar de hotel&quot;""},{""url"":""https://www.marca.com/primera-plana/2018/02/13/5a8170f7ca4741715f8b45b3.html"",""titulo"":""Evergrande de España: el equipo más grande de China se forma en Madrid""},{""url"":""https://www.marca.com/primera-plana/2018/02/12/5a7f415ce2704eef108b45b6.html"",""titulo"":""La otra Catedral: el campo donde Escobar retaba a las estrellas""},{""url"":""https://www.marca.com/primera-plana/opinion/2018/02/11/5a7f426fe2704e6a0a8b45cc.html"",""titulo"":""&quot;El cumple de Neymar debería entrar en el Mundial de resistencia&quot;""},{""url"":""https://www.marca.com/futbol/liga-francesa/2018/02/11/5a800691468aebe8028b45a6.html"",""titulo"":""El auténtico PSG: &quot;La Champions no la veíamos ni en las películas&quot;""},{""url"":""https://www.marca.com/otros-deportes/volvo-ocean-race/2018/02/07/5a74c2aeca4741b45c8b45b5.html"",""titulo"":""La vela oceánica en China, la Gran Muralla que quiere derribar el Dongfeng""},{""url"":""https://www.marca.com/primera-plana/2018/02/06/5a75ef34ca4741d2678b4608.html"",""titulo"":""El fútbol femenino sale a escena""},{""url"":""https://www.marca.com/primera-plana/2018/02/04/5a75e465ca4741084f8b45d4.html"",""titulo"":""Berizzo ve la luz: ¡El técnico está curado!""}];


	var gptIsDisableInitialLoad = true;
    var IsAPSEnabled = true;

    
window.Adomik = window.Adomik || {};
Adomik.randomAdGroup = function() {
    var rand = Math.random();
    switch (false) {
        case !(rand < 0.09): return ""ad_ex"" + (Math.floor(100 * rand));
        case !(rand < 0.10): return ""ad_bc"";
        default: return ""ad_opt"";
    }
};

window.ueUserContentGoogle = (function() {
    if (!window || !window.ueCookiesPolicy || typeof window.ueCookiesPolicy.isAccepted != 'function') {
        console.warn('Module ueCookiesPolicy not exists.')
        return false
    }
    var googleAccepted =  ueCookiesPolicy.isAccepted({vendors: 'google'})
    if(googleAccepted === null) { googleAccepted = undefined }
    return googleAccepted
}());
var data = {""networkId"":""99071977"",""divId"":""div-gpt-ad-primera-plana_n"",""customTargeting"":{},""adSlots"":[{""adUnit"":""mc2/primera-plana/n"",""customTargeting"":{""p"":[""f""]}},{""adUnit"":""mc2/primera-plana/n"",""sizes"":[[728,90],[728,250],[970,90],[970,250],[980,90],[980,180],[980,250],[980,220],[990,90],[990,250],[1,1]],""customTargeting"":{""p"":[""m""]}},{""adUnit"":""mc2/primera-plana/n"",""sizes"":[[300,100],[300,250],[300,300],[300,600],[1,1]],""customTargeting"":{""p"":[""r""]}},{""adUnit"":""mc2/primera-plana/n"",""sizes"":[[300,100],[300,250],[300,300],[1,1]],""customTargeting"":{""p"":[""rb""]}},{""adUnit"":""mc2/primera-plana/n"",""sizes"":[[120,600],[160,600],[120,1000],[160,1000],[450,1000],[1,1]],""customTargeting"":{""p"":[""si""]}},{""adUnit"":""mc2/primera-plana/n"",""sizes"":[[120,600],[160,600],[120,1001],[160,1001],[450,1001],[1,1]],""customTargeting"":{""p"":[""sd""]}},{""adUnit"":""mc2/primera-plana/n"",""sizes"":[[980,50],[990,50],[1,1]],""customTargeting"":{""p"":[""c990x50_320x53""]}},{""adUnit"":""mc2/primera-plana/n"",""sizes"":[[300,100],[300,250],[300,300],[1,1]],""customTargeting"":{""p"":[""rc""]}},{""adUnit"":""mc2/primera-plana/n"",""sizes"":[[300,100],[1,1]],""customTargeting"":{""p"":[""natb""]}},{""adUnit"":""mc2/primera-plana/n"",""sizes"":[[300,100],[1,1]],""customTargeting"":{""p"":[""natc""]}},{""adUnit"":""p_mc2/primera-plana/n"",""sizes"":[[660,50],[1,1]],""customTargeting"":{""p"":[""660x50""]}},{""adUnit"":""mc2/primera-plana/n"",""customTargeting"":{""p"":[""f2""]}},{""adUnit"":""mc2/primera-plana/n"",""customTargeting"":{""p"":[""f3""]}},{""adUnit"":""mc2/primera-plana/n"",""sizes"":[[300,100],[1,1]],""customTargeting"":{""p"":[""nata""]}}]};
var sizeConfig=[{mediaQuery:""(min-width: 1024px)"",sizesSupported:[[728,90],[970,90],[970,250],[980,90],[980,250],[990,250]],labels:[""mega-desktop""]},{mediaQuery:""(min-width: 0px) and (max-width: 1023px)"",sizesSupported:[[320,50],[320,53],[320,100]],labels:[""mega-phone""]},{mediaQuery:""(min-width: 1024px)"",sizesSupported:[[300,250],[300,300]],labels:[""roba2-desktop""]},{mediaQuery:""(min-width: 0px) and (max-width: 1023px)"",sizesSupported:[[300,250],[300,300]],labels:[""roba2-phone""]},{mediaQuery:""(min-width: 1024px)"",sizesSupported:[[300,250]],labels:[""roba1-desktop""]},{mediaQuery:""(min-width: 0px) and (max-width: 1023px)"",sizesSupported:[[300,250]],labels:[""roba1-phone""]},{mediaQuery:""(min-width: 1024px)"",sizesSupported:[[300,250],[300,300],[300,600]],labels:[""roba3-desktop""]},{mediaQuery:""(min-width: 0px) and (max-width: 1023px)"",sizesSupported:[[300,250],[300,300],[300,600]],labels:[""roba3-phone""]}];
var adUnits=[{labelAny:[""mega-desktop""],code:""div-gpt-ad-LDB1"",mediaTypes:{banner:{sizes:[[728,90],[970,90],[970,250],[980,90],[980,250],[990,250]]}},bids:[{bidder:""appnexus"",params:{placementId:""11595052""}},{bidder:""rubicon"",params:{zoneId:663036,siteId:142576,accountId:15366}},{bidder:""criteo"",params:{zoneId:788297}},{bidder:""smartadserver"",params:{pageId:648549,formatId:54639,siteId:99913,domain:""https://prg.smartadserver.com""}}]},{labelAny:[""mega-desktop""],code:""div-gpt-ad-LDB2"",mediaTypes:{banner:{sizes:[[728,90],[970,90],[970,250],[980,90],[980,250],[990,250]]}},bids:[{bidder:""appnexus"",params:{placementId:""11595053""}},{bidder:""rubicon"",params:{zoneId:663040,siteId:142576,accountId:15366}},{bidder:""criteo"",params:{zoneId:788298}},{bidder:""smartadserver"",params:{pageId:648549,formatId:54640,siteId:99913,domain:""https://prg.smartadserver.com""}}]},{labelAny:[""roba3-desktop""],code:""div-gpt-ad-MPU1"",mediaTypes:{banner:{sizes:[[300,250],[300,300],[300,600]]}},bids:[{bidder:""appnexus"",params:{placementId:""11595057""}},{bidder:""rubicon"",params:{zoneId:663050,siteId:142576,accountId:15366}},{bidder:""criteo"",params:{zoneId:788301}},{bidder:""smartadserver"",params:{pageId:648549,formatId:40859,siteId:99913,domain:""https://prg.smartadserver.com""}}]},{labelAny:[""roba1-desktop""],code:""div-gpt-ad-MPU2"",mediaTypes:{banner:{sizes:[[300,250]]}},bids:[{bidder:""appnexus"",params:{placementId:""11595058""}},{bidder:""rubicon"",params:{zoneId:663056,siteId:142576,accountId:15366}},{bidder:""criteo"",params:{zoneId:788302}},{bidder:""smartadserver"",params:{pageId:648549,formatId:40974,siteId:99913,domain:""https://prg.smartadserver.com""}}]},{labelAny:[""roba2-desktop""],code:""div-gpt-ad-MPU3"",mediaTypes:{banner:{sizes:[[300,250],[300,300]]}},bids:[{bidder:""appnexus"",params:{placementId:""11595059""}},{bidder:""rubicon"",params:{zoneId:663058,siteId:142576,accountId:15366}},{bidder:""criteo"",params:{zoneId:792342}},{bidder:""smartadserver"",params:{pageId:648549,formatId:40975,siteId:99913,domain:""https://prg.smartadserver.com""}}]},{labelAny:[""roba1-desktop""],code:""div-gpt-ad-MPU4"",mediaTypes:{banner:{sizes:[[300,250]]}},bids:[{bidder:""appnexus"",params:{placementId:""11595060""}},{bidder:""rubicon"",params:{zoneId:663060,siteId:142576,accountId:15366}},{bidder:""criteo"",params:{zoneId:792344}},{bidder:""smartadserver"",params:{pageId:648549,formatId:40976,siteId:99913,domain:""https://prg.smartadserver.com""}}]},{labelAny:[""roba1-desktop""],code:""div-gpt-ad-MPU5"",mediaTypes:{banner:{sizes:[[300,250]]}},bids:[{bidder:""appnexus"",params:{placementId:""11595061""}},{bidder:""rubicon"",params:{zoneId:663062,siteId:142576,accountId:15366}},{bidder:""criteo"",params:{zoneId:792346}},{bidder:""smartadserver"",params:{pageId:648549,formatId:40977,siteId:99913,domain:""https://prg.smartadserver.com""}}]},{labelAny:[""mega-phone""],code:""div-gpt-ad-LDB1"",mediaTypes:{banner:{sizes:[[320,50],[320,53],[320,100]]}},bids:[{bidder:""appnexus"",params:{placementId:""11595040""}},{bidder:""rubicon"",params:{zoneId:663146,siteId:142592,accountId:15366}},{bidder:""criteo"",params:{zoneId:788327}},{bidder:""smartadserver"",params:{pageId:648550,formatId:54723,siteId:99914,domain:""https://prg.smartadserver.com""}}]},{labelAny:[""mega-phone""],code:""div-gpt-ad-LDB2"",mediaTypes:{banner:{sizes:[[320,50],[320,53],[320,100]]}},bids:[{bidder:""appnexus"",params:{placementId:""11595041""}},{bidder:""rubicon"",params:{zoneId:663148,siteId:142592,accountId:15366}},{bidder:""criteo"",params:{zoneId:788328}},{bidder:""smartadserver"",params:{pageId:648550,formatId:54724,siteId:99914,domain:""https://prg.smartadserver.com""}}]},{labelAny:[""roba3-phone""],code:""div-gpt-ad-MPU1"",mediaTypes:{banner:{sizes:[[300,250],[300,300],[300,600]]}},bids:[{bidder:""appnexus"",params:{placementId:""11595043""}},{bidder:""rubicon"",params:{zoneId:663156,siteId:142592,accountId:15366}},{bidder:""criteo"",params:{zoneId:788330}},{bidder:""smartadserver"",params:{pageId:648550,formatId:40859,siteId:99914,domain:""https://prg.smartadserver.com""}}]},{labelAny:[""roba1-phone""],code:""div-gpt-ad-MPU2"",mediaTypes:{banner:{sizes:[[300,250]]}},bids:[{bidder:""appnexus"",params:{placementId:""11595044""}},{bidder:""rubicon"",params:{zoneId:663158,siteId:142592,accountId:15366}},{bidder:""criteo"",params:{zoneId:792377}},{bidder:""smartadserver"",params:{pageId:648550,formatId:40974,siteId:99914,domain:""https://prg.smartadserver.com""}}]},{labelAny:[""roba2-phone""],code:""div-gpt-ad-MPU3"",mediaTypes:{banner:{sizes:[[300,250],[300,300]]}},bids:[{bidder:""appnexus"",params:{placementId:""11595045""}},{bidder:""rubicon"",params:{zoneId:663160,siteId:142592,accountId:15366}},{bidder:""criteo"",params:{zoneId:792378}},{bidder:""smartadserver"",params:{pageId:648550,formatId:40975,siteId:99914,domain:""https://prg.smartadserver.com""}}]},{labelAny:[""roba1-phone""],code:""div-gpt-ad-MPU4"",mediaTypes:{banner:{sizes:[[300,250]]}},bids:[{bidder:""appnexus"",params:{placementId:""11595046""}},{bidder:""rubicon"",params:{zoneId:663162,siteId:142592,accountId:15366}},{bidder:""criteo"",params:{zoneId:792380}},{bidder:""smartadserver"",params:{pageId:648550,formatId:40976,siteId:99914,domain:""https://prg.smartadserver.com""}}]},{labelAny:[""roba1-phone""],code:""div-gpt-ad-MPU5"",mediaTypes:{banner:{sizes:[[300,250]]}},bids:[{bidder:""appnexus"",params:{placementId:""11595047""}},{bidder:""rubicon"",params:{zoneId:663164,siteId:142592,accountId:15366}},{bidder:""criteo"",params:{zoneId:792381}},{bidder:""smartadserver"",params:{pageId:648550,formatId:40977,siteId:99914,domain:""https://prg.smartadserver.com""}}]}];
var adUnits_nc = JSON.parse(JSON.stringify(adUnits));

var map = {
	'div-gpt-ad-LDB1' : 'm',
	'div-gpt-ad-LDB2' : 'mb',
	'div-gpt-ad-MPU1' : 'r',
	'div-gpt-ad-MPU2' : 'rb',
	'div-gpt-ad-MPU3' : 'rc',
	'div-gpt-ad-MPU4' : 'rd',
	'div-gpt-ad-MPU5' : 're',
};

adUnits.forEach(function(item) {
	if (item.code in map) {
		item.code = data.divId + '_' + map[item.code] + '_5be9b8cb468aeb4d458b45ab';
	}
});

if (typeof pbjs !== 'undefined') {
		pbjs.que.push(function() {

		pbjs.enableAnalytics([{
			 provider: ""appnexus"",
			 options: {
				 memberId: 7669
			 }
		}]);

		pbjs.setConfig({
			priceGranularity: ""dense"",
			enableSendAllBids: true,
			consentManagement: {
				cmpApi: 'iab',
				timeout: 8000,
				allowAuctionWithoutConsent: true
			},
			sizeConfig: sizeConfig
        });
        		
		pbjs.addAdUnits(adUnits);

		pbjs.requestBids({
			timeout: 1000,
			bidsBackHandler: function () {
				initAdServer();
			}
		});
	});
}

    googletag.cmd.push(function () {
        data.customTargeting.t = ['default'];
data.customTargeting.tag = ['primera-plana,sevilla-fc,primera-division'];
data.customTargeting.newsid = ['5be9b8cb468aeb4d458b45ab'];

(function() {
function getCookie(name){var re=new RegExp(name+""=([^;]+)"");var value=re.exec(document.cookie);return(value!=null)?unescape(value[1]):null;}
var ueseg=getCookie(""UESeg"");
if(typeof(data)==""object"")
if(typeof(data.customTargeting)==""object"")
if(ueseg!==null){
	var ueseg_v=ueseg.split(""|"");
	if (ueseg_v.length >= 3) data.customTargeting.ueid = [ueseg_v[2]];
} else {
	data.customTargeting.ueid = 'NoUESeg';
}
})();

window[""ueDFPData""] = data;
function kruxretrieve(n) {
    var m, k='kxunidad_'+n;
    if (window.localStorage) {
        return window.localStorage[k] || '';
    } else if (navigator.cookieEnabled) {
        m = document.cookie.match(k+'=([^;]*)');
        return (m && unescape(m[1])) || '';
    } else {
        return '';
    }
}
data.customTargeting.kuid = 'NoDefinido';
data.customTargeting.ksegs = 'NoDefinido';
var kuser = kruxretrieve('user');
if (kuser) {
    data.customTargeting.kuid = kuser;
}
var ksegments = kruxretrieve('segs');
if (ksegments) {
    data.customTargeting.ksegs = ksegments.split(',');
}
var adDomElements = [].slice.apply(document.querySelectorAll('div[id^='+data.divId+']'))
    .map(function(e) {
        return e.getAttribute('id');
    });
var divId = '';
data.adSlots = data.adSlots.filter(function(adSlot){
    divId = data.divId + '_' + adSlot.customTargeting.p.join('_');
    divId += '_' + '5be9b8cb468aeb4d458b45ab'
    adSlot.divId = divId;
    if (adDomElements.length > 0) {
        return (adDomElements.indexOf(divId)!==-1);
    } else {
        return true;
    }
});
data.adSlots.forEach(function (adSlot) {
    // var slotIndex = i + 1;
    var adUnit = adSlot.adUnit ? adSlot.adUnit : data.adUnit;
    var slot;

    adUnit = '/' + data.networkId + '/' + adUnit;
    if (adSlot.sizes) {
        // gptadslots[slotIndex] = googletag.defineSlot(adUnit, adSlot.sizes, adSlot.divId);
        slot = googletag.defineSlot(adUnit, adSlot.sizes, adSlot.divId);
    } else {
        slot = googletag.defineOutOfPageSlot(adUnit, adSlot.divId);
    }

    for (var key in adSlot.customTargeting) {
        if (adSlot.customTargeting.hasOwnProperty(key)) {
            // gptadslots[slotIndex].setTargeting(key, adSlot.customTargeting[key]);
            slot.setTargeting(key, adSlot.customTargeting[key]);
        }
    }
	
    if (typeof Adomik !== 'undefined') {
		slot.setTargeting('ad_group', Adomik.randomAdGroup());
    }
	
    slot.addService(googletag.pubads());
});

if ((typeof DisableenableSingleRequest === 'undefined') || !DisableenableSingleRequest) {
    googletag.pubads().enableSingleRequest();
}

for (var key in data.customTargeting) {
    if (data.customTargeting.hasOwnProperty(key)) {
        googletag.pubads().setTargeting(key, data.customTargeting[key]);
    }
}

googletag.pubads().addEventListener('slotRenderEnded',function(event){
    var count = 0;
    var interval = setInterval(function() {
        count++;
        if(event&&event.slot){
            jQuery(window).trigger('slotRendered',{""slotId"":event.slot.getSlotElementId(), ""intervalId"": interval});
            var container=jQuery(""#""+event.slot.getSlotElementId());
            container.attr(""style"",""height:""+container.height()+""px;"");
        }
        if (count > 9) {
            clearInterval(interval);
        }
    }, 500);
});

googletag.pubads().enableAsyncRendering();
if (((typeof gptIsDisableInitialLoad !== 'undefined') && gptIsDisableInitialLoad) || (typeof IsAPSEnabled !== 'undefined' && IsAPSEnabled)) {
    googletag.pubads().disableInitialLoad();
}

if( window.ueUserContentGoogle !== undefined ){
    if ( window.ueUserContentGoogle === true ) {
        googletag.pubads().setRequestNonPersonalizedAds(0);
    }else{
        googletag.pubads().setRequestNonPersonalizedAds(1);
    }
}else{
    googletag.pubads().disableInitialLoad();
}
if (typeof pbjs !== 'undefined') {
	pbjs.que.push(function () {
		pbjs.setTargetingForGPTAsync();
	});
}
googletag.enableServices();
    });
    function amz() {
    var ueConsentData = localStorage.getItem('ueConsentData');
    apstag.init({
        pubID: '3537',
        adServer: 'googletag',
        bidTimeout: 1e3,
        gdpr: {
            enabled: Boolean(ueConsentData),
            consent: ueConsentData
        }
    });

    var aps_data = {slots:[]};
    googletag.destroySlots(googletag.pubads().getSlots().filter(function(x){ return !(x.getSlotElementId() in window)}));
    googletag.pubads().getSlots().forEach(function(adSlot, i) {
        var sizes = adSlot.getSizes();
        if (sizes.length > 0) {
            sizes = sizes.map(function(adSlotSize) {
                    return [adSlotSize.getWidth(), adSlotSize.getHeight()];
                })
                .filter(function(size) {
                    return (size[0] !== 1) && (size[1] !== 1);
                });
            if (sizes.length > 0) {
                aps_data.slots.push({
                    slotID: adSlot.getSlotElementId(),
                    slotName: adSlot.getAdUnitPath(),
                    sizes: sizes
                });
            }
        }
    });
    apstag.fetchBids(aps_data, function(bids) {
        googletag.cmd.push(function() {
            apstag.setDisplayBids();
            googletag.pubads().refresh();
        });
    });
}
amz = (function(amz) {
    var DOMContentLoadedReady = false;
    window.addEventListener('DOMContentLoaded', function() {
        DOMContentLoadedReady = true;
    });
    return function() {
        DOMContentLoadedReady ? amz() : window.addEventListener('DOMContentLoaded', amz)
    };
})(amz);
if (window.ueUserContentGoogle !== undefined) {
  googletag.cmd.push(function () {
    if (typeof IsAPSEnabled !== 'undefined' && IsAPSEnabled) {
        amz();
    }
  });
}else{
    window.addEventListener('ueConsentChanged', function (event) {
        googletag.cmd.push(function () {
            if(  event.detail.consents.vendors.google === true ){
                googletag.pubads().setRequestNonPersonalizedAds(0);
            }else{
                googletag.pubads().setRequestNonPersonalizedAds(1);
            }
            if (typeof IsAPSEnabled !== 'undefined' && IsAPSEnabled) {
                amz();
            }else{
                googletag.pubads().refresh();
            }
        });
    }, false);
}

(function(d,s,id){var js,fjs=d.getElementsByTagName(s)[0];if(d.getElementById(id))return;js=d.createElement(s);js.id=id;js.src=""//connect.facebook.net/es_ES/sdk.js#xfbml=1&version=v2.8&appId=160427764002568&status=true&cookie=true"";fjs.parentNode.insertBefore(js,fjs);}(document,'script','facebook-jssdk'));MarcaES Ediciones:
 ES (España)


 MX (México)


 CO (Colombia)


 AR (Argentina)


 EN (English)

Suscríbete

Fútbol




Baloncesto




Motor




Polideportivo






Última hora


Agenda TV


eSports



MásCerrar19 de noviembre
de 2018Actualizado a las 08:55 h. BuscarCerrarMásCerrarPrimera-planaCompartir en FacebookCompartir en TwitterEnviar por email


Destacados


Atletismo


Golf


Balonmano


Deportes Invierno


Pádel






Ciclismo


Natación


Tenis


Otros deportes




Otros


Ajedrez


Boxeo


Combates UFC


Deportes Aventura


eSports






Olimpismo


Paralímpicos


Rugby


Toros


Turf


Copa del Rey de MAPFRE





googletag.cmd.push(function(){googletag.display('div-gpt-ad-primera-plana_n_f_5be9b8cb468aeb4d458b45ab');});googletag.cmd.push(function(){googletag.display('div-gpt-ad-primera-plana_n_si_5be9b8cb468aeb4d458b45ab');});googletag.cmd.push(function(){googletag.display('div-gpt-ad-primera-plana_n_sd_5be9b8cb468aeb4d458b45ab');});if(typeof optimizelyActive!=='undefined'){window.optimizely=window.optimizely||[];window.optimizely.push([""activate"",optimizelyActive]);}var ueDataPage={rootSection:""default"",classContNav:"""",sectionPrettyName:""Primera Plana"",portal:""marca"",ct:""n"",model:""default"",contentId:'5be9b8cb468aeb4d458b45ab',breadcrumb:'',children:'',rrss:{img:""https://e00-marca.uecdn.es/assets/multimedia/imagenes/2018/11/12/15420437375148.jpg"",summary:"""",viaTwitter:'marca'}}Primera Planagoogletag.cmd.push(function(){googletag.display('div-gpt-ad-primera-plana_n_m_5be9b8cb468aeb4d458b45ab');});Sevillista será hasta la muertePRIMERA PLANA Pablo Blanco cumple 50 años ininterrumpidos trabajando para el club nervionenseAlberto Fdez.Compartir en FacebookCompartir en TwitterEnviar por email
19/11/2018 08:55 CETPablo Blanco posa en el Sánchez Pizjuán con un balón de época. Fotos: Kiko HurtadoMARCA3 comentariosComentargoogletag.cmd.push(function(){googletag.display('div-gpt-ad-primera-plana_n_r_5be9b8cb468aeb4d458b45ab');});Suscríbete a la Newsletter de Primera Planagoogletag.cmd.push(function(){googletag.display('div-gpt-ad-primera-plana_n_660x50_5be9b8cb468aeb4d458b45ab');});A Pablo José Blanco Blanco se le viene rápidamente a la memoria la preocupación familiar por esos viajes en Los Amarillos (línea de autobuses) que tenía que hacer cada tarde para entrenar con el equipo juvenil del Sevilla. Una historia de amor que comenzó, como muchas, a la tierna edad de 16 años y que hoy perdura, 50 después, en una hoja de servicios que se ha convertido en una enciclopedia. Pablo ha servido al club de Nervión con entrega, una dedicación incansable en todas las áreas, desde los focos -menos luminosos que hoy día- del terreno de juego a la soledad de los despachos y los campos de tierra, ésos donde trataba de descubrir a las estrellas del futuro. Sus ojos han visto tanto fútbol que ni siquiera su privilegiada memoria es capaz de retenerlo todo. Padeció en el verde años donde el sentimiento de pertenencia mantenía a flote la nave sevillista, para disfrutar, con todas esas canas que le cubren la cabeza, en la grada de los éxitos que siempre soñó con el brazalete y ha podido saborear ahora desde la barrera. Es uno de los máximos responsables de todo lo bueno que le ha ocurrido a su Sevilla, aunque él se considere simplemente ""un trabajador por y para el Sevilla"".Por todo esto, pero especialmente valorando esas 13 temporadas en las que defendió la elástica blanca, ésa que manchaba de barro en cada visita a los campos del norte en jornadas lluviosas, la entidad hispalense ha decidido otorgarle al Pablo Blanco futbolista -cuya figura trasciende esa etapa de su vida- el Dorsal de Leyenda, un reconocimiento que cumple su undécima edición y que tienen en su poder figuras relevantes de la historia del club como Juan Arza, el primero en recibirlo, o Antonio Álvarez, el último. Blanco entra en esta nómina de históricos jugadores que han llevado el escudo en el pecho, y eso que hasta hace bien poco ha mantenido el récord de partidos jugados con el Sevilla (415). Sólo la vuelta de Jesús Navas -bien sabía Pablo que se lo quitaría- lo ha desplazado al segundo del ránking. El palaciego suma y sigue. Ya va por 455. Y a sus 32 años parece quedarle cuerda para rato.""Es un orgullo que el club de mi vida y una parte importante de lo que soy me reconozca con un acto especial""Pablo Blanco""Es un tremendo orgullo que el Sevilla, el club de mi vida y una parte importante de lo que he sido y soy como persona, me reconozca en un acto como el que vamos a vivir"". A Pablo Blanco no le gusta ser portada ni noticia, pero se le aprecia en su voz y sus gestos que está feliz. Es una persona echada para adelante en todo caso, pero, como hombre que lleva el fútbol en las venas, sólo le gustan los premios que se ganan encima de la hierba. ""He vivido muchísimas cosas en el Sevilla. Firmé un 17 de octubre de 1968 mi primer contrato como juvenil. ¡Hace 50 años!"", relata en el desayuno que mantiene con Primera Plana cerca de su domicilio. Y eso que es difícil pillarlo fuera de la Ciudad Deportiva, donde lleva dando el callo desde finales de los 80.Porque la vida de Pablo Blanco no podría entenderse sin el Sevilla y hay muy pocos capitanes -siete años portó el brazalete con orgullo- que representen tan bien los valores de una entidad y una generación como él. Una historia que comenzaba en Marqués de Contadero, en un partido de juveniles entre el Don Bosco y el Sevilla, al inicio de la temporada 68-69. Casto Ríos, ojeador sevillista de la época, se fija en un central de 16 años al que no es capaz de superar ninguno de los sevillistas. Responde al apellido de Blanco. Pocas semanas después, en la calle San Miguel, donde tenía una oficina el club, firma su primer contrato. Desde las travesías para ir a entrenar, algunos días corriendo desde Nervión al Cristina para coger el autobús, hasta ese debut en marzo del 72, año en que el Sevilla se marcha a Segunda.Tuvo que probar el sufrimiento de ver a un club como el suyo ahí, apretar los dientes y que los canteranos de aquella época sacasen las castañas del fuego, con él entre ellos. ""No hemos sido nunca un club eminentemente canterano. Ha sido más por necesidad"", resalta. ""Aunque eso no quiere decir que no se haya hecho y se haga un gran trabajo en los escalafones inferiores y que hayamos podido sacar hasta tres campeones del mundo (Marchena, Jesús Navas y Sergio Ramos)"". El equipo ascendió tras tres años en el 'infierno' y no volvería a bajar con él en el club. Vivió sus mejores años en la madurez, con partidos europeos que dejaron huella en su generación, además de esos 21 derbis frente al Betis, que marcan -y más por aquél entonces- cicatrices en el currículo de los profesionales. Le tocó decir adiós demasiado pronto, en la 83-84, con sólo 32 años. Había pasado un curso difícil por culpa de las lesiones. Tuvo ofertas para continuar su carrera en el Cádiz y el Valladolid. Las rechazó. Entonces era más normal el One Club Man, que ahora se aplaude por inusual. No se lo pensó. Había vivido intensamente su etapa como futbolista profesional y el destino le tenía preparado algo más que una carrera exitosa con las medias hasta arriba: iba a ser parte fundamental de la modernización de su Sevilla.Manolo Cardo, entrenador en esos años y muy cercano a Pablo, además de dejarle entrenar ya retirado, le ofreció entrar en una secretaría técnica de aquellos tiempos, junto a Ángel Castillo. Después llegaría Rosendo Cabezas, descubridor de grandes figuras del Sevilla, como Polster, Suker, Simeone... Con Luis Cuervas de presidente, se le ofreció un cambio importante en su vida. Alejarse del primer equipo para centrarse en criar y atraer a las estrellas del futuro. Acogió el cambio ""con ilusión"". ""Siempre me ha gustado la idea de formar a los futbolistas y de que el Sevilla creciese en cantera. Soy canterano y sé lo que significa. Entré con Pepe Alfaro y en el 92 ya me quede como máximo responsable"". De aquello hace más de 25 años, media vida de la que lleva viendo fútbol desde la grada del Sánchez-Pizjuán perteneciendo al Sevilla.Por sus manos y sus ojos han pasado innumerables talentos, de los que ""la gran mayoría no ha llegado"". ""El fútbol no espera a nadie y en esas edades dar el salto a la elite no es posible para todos. Ese escalón a veces se atraganta"", asegura. ""Recuerdo a Villegas, un jugador espectacular que destacaba cuando José Antonio Reyes pedía paso. Eran dos joyas"". Al final sólo llegó el utrerano, quien se convertiría en la primera gran venta de la historia del Sevilla. La primera piedra de ese club moderno, que vendía para crecer. Después llegarían jugadores como Sergio Ramos, Jesús Navas, Antonio Puerta, Diego Capel... ""Joaquín (Caparrós) quiere más presencia canterana en el primer equipo, pero al nivel que está el Sevilla no es nada fácil"". Habla la voz de la experiencia, quien tiene casi tantos partidos en lo alto como horas tiene un mes.""Tengo la espina de no haber levantado un título. La tiene mi generación por ese equipo que tuvimos"", dice con nostalgia. Sanjosé, Montero, Álvarez, Pintinho, Scotta... Un equipo que aún recuerda quien fuese santo y seña de unos sevillistas que lo miran con una sonrisa agradecida. Porque sus nombres quedaron grabados en la historia, como siempre quedará el de Pablo Blanco. Por toda su obra. Y por tener cosido con esfuerzo, entrega y devoción el escudo de su Sevilla en el pecho, en su corazón. Sevillista será hasta la muerte. Suscríbete a la Newsletter de Fin de Semana de MARCA y recibe en tu correo electrónico, sábados y domingos a primera hora de la mañana, los reportajes, entrevistas y gráficos en profundidad de MARCA y los de su suplemento dominical 'Primera Plana'. TE PUEDE INTERESARgoogletag.cmd.push(function(){googletag.display('div-gpt-ad-primera-plana_n_nata_5be9b8cb468aeb4d458b45ab');});googletag.cmd.push(function(){googletag.display('div-gpt-ad-primera-plana_n_natb_5be9b8cb468aeb4d458b45ab');});Temas relacionadosPrimera PlanaSevilla FCPrimera Divisióngoogletag.cmd.push(function(){googletag.display('div-gpt-ad-primera-plana_n_rb_5be9b8cb468aeb4d458b45ab');});(function(){if(jQuery&&jQuery('script[src*=""outbrain.js""]').length===0){try{var scriptEl=document.createElement('script');scriptEl.type='text/javascript';scriptEl.async='true';scriptEl.src='https://widgets.outbrain.com/outbrain.js';var targetEl=document.getElementsByTagName('script')[0];targetEl.parentNode.insertBefore(scriptEl,targetEl);}catch(e){};}})();googletag.cmd.push(function(){googletag.display('div-gpt-ad-primera-plana_n_rc_5be9b8cb468aeb4d458b45ab');});

3 Comentarios




MTQ

#3

19/11/2018
10:58 horas

Acostumbramos a llamar grande casi a cualquiera hoy día, pero si te paras y piensas, no tardas ni dos segundos en considerar que Pablo Blanco Blanco no es sólo uno de esos que componen el selecto grupo de Señores del fútbol, sino que es un GRANDE de verdad que el Sevillismo debemos estar eternamente agradecido, porque sin él, que no os quepa la menor duda, nuestro Sevilla no hubiese sido el mismo ni logrado lo mismo. Categoría, talento, arte y Sevillismo, un eslabón mas de esta enorme y gigantesca entidad. ¡¡ VIVA EL SEVILLA !! Saludos deportivos




Mazsevillista

#1

18/11/2018
19:47 horas

Que buenos futbolistas trajo Rosendo Cabezas a nuestro club. Saludos


    function ocultaMuestraCapa(divId) {
        if (document.getElementById(divId).style.display == 'none') {
            document.getElementById(divId).style.display = 'block';
        } else {
            document.getElementById(divId).style.display = 'none';
        }
    };
    (function($) {
        if (typeof $ !== 'function') {
            return false;
        }
        var tpl = (
                '<a href=""#"" class=""leer-mas-btn"">' +
                    '<span class=""gradient""></span>' +
                    '<span class=""txt js-more-button-text"">Leer más</span>' +
                '</a>'
            ),
            commentsId = '#js_5be9b8cb468aeb4d458b45ab',
            containerSelector = '.aside-comments',
            divSelector = '.js-more-button',
            textSelector = '.js-more-button-text'
            appendButton = function (container) {
                return $(tpl)
                .click(function (ev) {
                    ev.preventDefault();
                    if (container.css('max-height') !== 'none') {
                        container.css('max-height', 'none');
                        $(this).find(textSelector).html('cerrar');
                    }
                    else {
                        container.css('max-height', '');
                        $(this).find(textSelector).html('Leer más');
                    }
                })
                .appendTo(container);
            };

        $(commentsId + ' ' + containerSelector)
            .find(divSelector)
            .map(function() {
                var lastChildren = $(this).children().last();
                lastChildren.css({'padding-bottom': 0, 'margin-bottom': 0});
                if (this.clientHeight < this.scrollHeight) {
                    appendButton($(this));
                }
                lastChildren.css({'padding-bottom': '', 'margin-bottom': ''});
            });

    })(jQuery);


Ver 3 Comentarios

Comenta
jQuery(function(){Comentarios_5be9b8cb468aeb4d458b45ab=new Comentarios({botonesDesplegar:"".js-comentar-5be9b8cb468aeb4d458b45ab"",id:'5be9b8cb468aeb4d458b45ab'},jQuery);if(typeof jQuery.fn.ElementoFijo==='function'){jQuery('#js_5be9b8cb468aeb4d458b45ab').find('.js_fixed').ElementoFijo({elementosAnteriores:['.main-header'],elementoDesdeFixed:'.content',elementoHastaFixed:'.end-fixed',minWidthFijo:768});}if(typeof crearLoginListeners==='function'){crearLoginListeners();}
if(typeof jQuery.fn.RedesSociales==='function'){jQuery('#js_5be9b8cb468aeb4d458b45ab').find('.js_socialMedia').RedesSociales({title:""Sevillista será hasta la muerte"",img:""https://e00-marca.uecdn.es/assets/multimedia/imagenes/2018/11/12/15420437375148.jpg"",url:""https://www.marca.com/primera-plana/2018/11/17/5be9b8cb468aeb4d458b45ab.html"",summary:"""",viaTwitter:""marca"",urlCorreo:'https://www.marca.com/enviar/formulario_enviar_noticia.html?que_mundo=marca',sufijoAnalitica:'_1'});}
if(typeof jQuery.fn.Tab==='function'){jQuery('#js_5be9b8cb468aeb4d458b45ab').find('.js-tabs').Tab();}
jQuery('#js_5be9b8cb468aeb4d458b45ab').find("".full-video"").each(function(){jQuery(this).height(jQuery(this).width()*9/16);});});Volver a la noticia Sevillista será hasta la muerte  

googletag.cmd.push(function(){googletag.display('div-gpt-ad-primera-plana_n_f2_5be9b8cb468aeb4d458b45ab');});googletag.cmd.push(function(){googletag.display('div-gpt-ad-primera-plana_n_f3_5be9b8cb468aeb4d458b45ab');});Cargando siguiente contenido




Otras webs de Unidad Editorial







Marca 
App Marca
Apuestas Deportivas
Clasificación LaLiga
Calendario LaLiga
Hemeroteca Marca
Marca eSports
Marca en Orbyt





Ocio y Moda 
Tiramillas
Moda - Telva
BUHO Magazine
Traductor
Programación TV
Marca Entradas
Mi bebé y yo


Unidad Editorial 
El Mundo
Expansión
CuídatePlus
Diario Médico
Correo Farmacéutico
Suscripción Marca
Suscripción El Mundo


Formación y Empleo 
Escuela Unidad Editorial
Unidad Editorial
Expansión y Empleo








© Noviembre
2018
 Unidad Editorial Información Deportiva, S.L.U. Todos los derechos reservados.

Términos y condiciones de uso
Política de privacidad
Política de cookies
Certificado por OJD
Contacto
Publicidad
Ayuda
Nuestro equipo
Venta de contenidos


Síguenos en

Facebook
Twitter
Google Plus
RSS







España


La Liga Santander


Resultados


 Calendario 


 Clasificación 


Premios Marca




LaLiga 1|2|3


Resultados


Calendario


Clasificación


Premios Marca




Más fútbol


Segunda B


Tercera


Danone Nations Cup




Copa del Rey


Calendario y Resultados




Fútbol Femenino


Liga Iberdrola


Calendario


Clasificación




Selección Española


Eurocopa 2020


Mundial 2018


UEFA Nations League




Fútbol Sala


Calendario


Clasificación




Rincón de las Peñas




Internacional


Champions League


Calendario y Resultados


Súper Porra Europa




Europa League


Calendario y Resultados




Mundial 2018


Resultados


Calendario


España


Especial Rusia 2018




Premier League


Calendario y Resultados


Clasificación




Bundesliga


Calendario y Resultados


Clasificación




Calcio


Calendario y Resultados


Clasificación




Ligue 1


Calendario y Resultados


Clasificación




Otras ligas


Portugal


Holanda


Rusia






América


Argentina


 Calendario y resultados 


 Clasificación 




Chile


Calendario y resultados


Clasificación




Colombia


 Calendario y resultados 


Clasificación




Estados Unidos


 Calendario y resultados 


Clasificación




México


Calendario y Resultados


Clasificación




Venezuela


Calendario y resultados


Clasificación




Más América


Copa Libertadores


Copa América










Coches


Fórmula 1


Calendario


Clasificación




Rally/Raids


Calendario


Clasificación pilotos


Clasificación equipos




Rally Dakar


Clasificaciones


Recorrido


Palmarés






Motos


Moto GP


Calendario


Pilotos


Clasificación


Moto2


Moto3






Modelos de coches


Modelos


Comparador de coches


Pruebas de coches


Ocio


Vídeos




Más motor


Mundial de Resistencia


24 horas de Daytona


Indycar


24 horas de Le Mans








España


Liga Endesa


Calendario


Clasificación


Partidos en directo




Basket FEB


LEB Oro


LEB Plata


Liga Femenina




Copa del Rey


Cuadro y resultados




Selección


Mundial Femenino


Mundial 2019




Europa


Euroliga


Clasificación


Calendario




Eurocup


Resultados y Clasificación




Champions League


Resultados y Clasificación






Internacional


NBA


Calendario


Clasificaciones


Equipos







jQuery.noConflict();jQuery(""head"").append('<link href=""https://e00-marca.uecdn.es/assets/v12/css/print.css"" type=""text/css"" rel=""stylesheet"">');<!--
var s = {};var pageName = ""https://www.marca.com/primera-plana/2018/11/17/5be9b8cb468aeb4d458b45ab.html"";s.pageType="""";
s.pageName=""https://www.marca.com/primera-plana/2018/11/17/5be9b8cb468aeb4d458b45ab.html"";s.channel=""primera-plana"";

s.prop1=""default"";
s.prop2=""noticia"";
s.prop3="""";
s.prop4="""";
s.prop5="""";
s.prop6=""Sevillista será hasta la muerte-5be9b8cb468aeb4d458b45ab"";s.prop7=""marca.com"";s.prop11="""";    s.hier1=""marca.com|primera-plana|noticia"";
                                                            s.prop27=""web"";

                
    s.list2=""Primera Plana,Sevilla FC,Primera División"";
s.prop28=""0|0"";

s.prop29=""Primera Plana,Sevilla FC,Primera División"";

                                                                                                        s.prop30=""imagenes"";
                s.prop52 = navigator.platform;
    s.prop53="""";
    s.prop32=""noticia"";
s.prop33=""default"";

    s.prop31=""primera-plana"";
    s.prop34=""pc"";
    s.prop35=""origen"";

        s.prop36="""";
    s.prop39=""nuevo-11-19"";s.prop55="""";
s.prop75=""Alberto Fdez."";
/* Conversion Variables */
s.eVar1=s.channel;
s.eVar2=s.prop1;
s.eVar3=s.prop2;
s.eVar4=s.prop3;
s.eVar5=s.prop5;
s.eVar11=s.prop11;
s.eVar35=s.prop4;
s.eVar31=s.prop6;
s.eVar36=s.prop7;
s.eVar27=s.prop27;
s.eVar28=s.prop28;
s.eVar29=s.prop29;
s.eVar30=s.prop30;
s.eVar45=s.prop32;
s.eVar33=s.prop33;
s.eVar34=s.prop34;
s.eVar75=s.prop75;
s.eVar52=s.prop52;
s.eVar80=s.prop53;
s.eVar39=s.prop39;
s.eVar84=s.prop35;
s.eVar85=s.prop36;
var s_omniture = s;
<!-- ==== pageName=""https://www.marca.com/primera-plana/2018/11/17/5be9b8cb468aeb4d458b45ab.html"" ==== --><!-- ==== pageType="""" ==== --><!-- ==== channel=""primera-plana"" ==== --><!-- ==== prop1=""default"" ==== --><!-- ==== prop3="""" ==== --><!-- ==== prop4="""" ==== --><!-- ==== prop5="""" ==== --><!-- ==== prop6=""Sevillista será hasta la muerte-5be9b8cb468aeb4d458b45ab"" ==== --><!-- ==== prop7=""marca.com"" ==== --><!-- ==== prop11="""" ==== --><!-- ==== hier1=""marca.com|primera-plana|noticia"" ==== --><!-- ==== prop29=""Primera Plana,Sevilla FC,Primera División"" ==== --><!-- ==== list2=""Primera Plana,Sevilla FC,Primera División"" ==== --><!-- ==== prop30=""imagenes"" ==== --><!-- ==== prop31=""primera-plana"" ==== --><!-- ==== prop32=""noticia"" ==== --><!-- ==== prop35=""origen"" ==== --><!-- ==== prop36="""" ==== --><!-- ==== prop39=""nuevo-11-19"" ==== --><!-- ==== prop55="""" ==== --><!-- ==== prop75=""Alberto Fdez."" ==== -->
/************* DO NOT ALTER ANYTHING BELOW THIS LINE ! **************/
//-->function DM_prepClient(csid,client){client.DM_cat(""primera-plana > default > noticia"");}if(typeof gptIsDisableInitialLoad!=='undefined'&&gptIsDisableInitialLoad){if(typeof IsAPSEnabled==='undefined'||!IsAPSEnabled){googletag.cmd.push(function(){googletag.pubads().refresh();});}}
jQuery(function(){if(typeof jQuery.fn.RedesSociales==='function'){jQuery('.js-cnav-header').find('.js_socialMedia').RedesSociales({title:""Sevillista será hasta la muerte"",img:""https://e00-marca.uecdn.es/assets/multimedia/imagenes/2018/11/12/15420437375148.jpg"",url:""https://www.marca.com/primera-plana/2018/11/17/5be9b8cb468aeb4d458b45ab.html"",summary:"""",viaTwitter:""marca"",urlCorreo:'https://www.marca.com/enviar/formulario_enviar_noticia.html?que_mundo=marca',sufijoAnalitica:'_1'});}
jQuery(document).on(""urlChanged"",function(event,data){if(typeof jQuery.fn.RedesSociales==='function'){jQuery('.js-cnav-header').find('.js_socialMedia').RedesSociales({title:data.title,img:data.rrss.img,url:data.url,summary:data.rrss.summary,viaTwitter:data.rrss.twitter,urlCorreo:""https://www.marca.com/enviar/formulario_enviar_noticia.html?que_mundo=marca"",sufijoAnalitica:'_1'});}});});function hiddenCapa(idcapa){var fd=document.getElementById(idcapa);fd.style.bottom=""-70px"";};function bandaSuscripcionAccept(){days=1;myDate=new Date();myDate.setTime(myDate.getTime()+(days*24*60*60*1000));document.cookie=""MARCA_suscrp = suscrip_yes; expires = ""+myDate.toGMTString();hiddenCapa(""banda_suscripcion"");};function bandaSuscripcionCookie(){days=1;myDate=new Date();myDate.setTime(myDate.getTime()+(days*24*60*60*1000));document.cookie=""MARCA_suscrp = suscrip_yes; expires = ""+myDate.toGMTString();};function checkSuscription(){var fd=document.getElementById(""banda_suscripcion"");var valorCookie=getCookie('MARCA_suscrp');if(!valorCookie){if(fd&&fd.style.bottom!=""0px""){fd.style.bottom=""0px"";bandaSuscripcionCookie();}}else{document.removeEventListener(""scroll"",checkSuscription);}};document.addEventListener(""scroll"",checkSuscription);
.banda_suscripcion .wrap a span.suscribete{font-weight:bold;background-color:#00b155;border:2px solid #c45050;color:white;}



¡Consigue los juguetes LEGO! Este domingo el Caballo motorizado Kinghton por sólo 3,95€.¡Infórmate!








_satellite.pageBottom();
window.optimizely=window.optimizely||[];window.optimizely.push(""activateSiteCatalyst"");
<!--
if(navigator.appVersion.indexOf('MSIE')>=0)document.write(unescape('%3C')+'!-'+'-')
//-->

"
1,"


dataLayer = [{""title"":""Detienen a feminicida en Miguel Hidalgo"",""url"":""\/metropoli\/cdmx\/detienen-feminicida-en-miguel-hidalgo"",""section"":""Metr\u00f3poli"",""subsection"":""CDMX"",""tags"":""Detienen a feminicida,Miguel Hidalgo,feminicidio,v\u00edctima"",""brandedName"":null,""branded"":""false""}];













        

	function readCookie_uni2(name) {
    	var nameEQ = name + ""="";
    	var ca = document.cookie.split(';');
    	for(var i=0;i < ca.length;i++) {
     		var c = ca[i];
        	while (c.charAt(0)==' ') c = c.substring(1,c.length);
        	if (c.indexOf(nameEQ) == 0) return c.substring(nameEQ.length,c.length);
    	}
	return null;
	}

    var myCookie_uni2 = readCookie_uni2('eluniversaluid');

    window.digitalData = {
        pageInstanceID: '1459493',
		page:{
            pageInfo:{
               	pageID: '1459493',
                pageName: '/metropoli/cdmx/detienen-feminicida-en-miguel-hidalgo',
                eluniversaluid: myCookie_uni2,
                destinationURL: '/metropoli/cdmx/detienen-feminicida-en-miguel-hidalgo',
                author: 'David Fuentes',
                issueDate: '2018-11-29 03:19',
                effectiveDate: '2018-11-29 04:07',
                    publisher: 'gn4',
                    tags: ['Detienen a feminicida','Miguel Hidalgo','feminicidio','víctima'],
                },
                category:{
                    primaryCategory: 'Metrópoli',
                    subCategory1: 'CDMX',
                    pageType: 'article'
                },
                attributes:{
                    country: 'MX',
                    language: 'es-mx',
                    server: 'eluniversalmx_prod'
                }
        },
        event:[]    
    };



















(function(w,d,s,l,i){w[l]=w[l]||[];w[l].push({'gtm.start':
  new Date().getTime(),event:'gtm.js'});var f=d.getElementsByTagName(s)[0],
  j=d.createElement(s),dl=l!='dataLayer'?'&l='+l:'';j.async=true;j.src=
  'https://www.googletagmanager.com/gtm.js?id='+i+dl;f.parentNode.insertBefore(j,f);
  })(window,document,'script','dataLayer','GTM-TNF9G5T');



Detienen a feminicida en Miguel Hidalgo






































<!--//--><![CDATA[//><!--
var text_resize_scope = ""field-name-body"";
          var text_resize_minimum = ""12"";
          var text_resize_maximum = ""25"";
          var text_resize_line_height_allow = 0;
          var text_resize_line_height_min = ""16"";
          var text_resize_line_height_max = ""36"";
//--><!]]>









<!--//--><![CDATA[//><!--

       (function() {
         var _sf_async_config = window._sf_async_config = (window._sf_async_config || {});
         _sf_async_config.uid = '64338';
         _sf_async_config.domain = 'eluniversal.com.mx';
         _sf_async_config.flickerControl = false;
         _sf_async_config.useCanonical = true;
         _sf_async_config.useCanonicalDomain = true;
       })();
//--><!]]>



<!--//--><![CDATA[//><!--

    var opta_settings = {
            subscription_id: 'bcf5c76abd7f1066feefd857a19e7645',
            language: 'es_ES',
            timezone: 'America/Mexico_City'
        };
//--><!]]>



<!--//--><![CDATA[//><!--

var googletag = googletag || {};

googletag.cmd = googletag.cmd || [];



//--><!]]>



<!--//--><![CDATA[//><!--
var PREBID_TIMEOUT = 3000;

// sizemapping
/* custom sizes */

            var topSizes = [
                [980, 250],
                [980, 90],
                [970, 90],
                [728,90],
                [320, 50]
            ];
            var top1Sizes = [
                [980, 250],
                [980, 90],
                [970, 90],
                [728,90]
            ];
            var top2Sizes = [
                 [320, 50]
            ];
            var rightSizes = [
                [300, 600],
                [300, 250]
            ];

            var leftSizes = [
                [300, 250]
            ];

            var bottomLeaderboardSizes = [
                [728, 90]
            ];
      var noticiaBodySizes = [
                [300, 250]
            ];

            /* general sizes */
            var desktopSizes = [
                [980, 90],
                [980, 250],
                [970, 90],
                [728, 90],
                [300, 600],
                [300, 250]
            ];

            var tabletSizes = [
                [980, 90],
                [970, 90],
                [728, 90],
                [300, 600],
                [300, 250]
            ];

            var phoneSizes = [
                [320, 50],
                [300, 600],
                [300, 250]
            ];

            var allSizes = [
                [980, 90],
                [970, 90],
                [728, 90],
                [320, 50],
                [300, 600],
                [300, 250]
            ];


            // Declare this above the adunits
        var width = window.innerWidth||document.documentElement.clientWidth||document.body.clientWidth;
        var isMobile = ( /Android|webOS|iPhone|iPad|iPod|BlackBerry|IEMobile|Opera Mini/i.test(navigator.userAgent) || width <= 768 );
        
    var adUnits = [{
            code: 'div-dfp-right1',
            mediaTypes: {
                        banner: {
                            sizes: rightSizes
                        }
            },
            bids: [
                    {
                        bidder: 'appnexus',
                        params: {
                              placementId: '12505063'
                        }
                    },
                    {
                        bidder: 'criteo',
                        params: {
                                    zoneId: (isMobile ? '1034962' : '1034962') // This verifies the user-agent navigator and fallbacks on the screensize
                                }
                    },
                    {
                        bidder: 'eplanning',
                        params: { ci: '1c2a2' }
                    },
                    {
                        bidder: 'rubicon',
                        params: {
                            accountId: '17370',
                            siteId: '168024',
                            zoneId: '809472'
                        }
                    }]
            
            },{
            code: 'div-dfp-right3',
            mediaTypes: {
                        banner: {
                            sizes: rightSizes
                        }
            },
            bids: [
                    {
                        bidder: 'appnexus',
                        params: {
                              placementId: '12505065'
                        }
                    },
                    {
                        bidder: 'criteo',
                        params: {
                                    zoneId: (isMobile ? '1034962' : '1034962') // This verifies the user-agent navigator and fallbacks on the screensize
                                }
                    },
                    {
                        bidder: 'eplanning',
                        params: { ci: '1c2a2' }
                    },
                    {
                        bidder: 'rubicon',
                        params: {
                            accountId: '17370',
                            siteId: '168024',
                            zoneId: '809472'
                        }
                    }]
            
            },{
            code: 'div-dfp-top1',
            mediaTypes: {
                        banner: {
                            sizes: topSizes
                        }
            },
            bids: [
                    {
                        bidder: 'appnexus',
                        params: {
                              placementId: '12505074'
                        }
                    },
                    {
                        bidder: 'eplanning',
                        params: { ci: '1c2a2' }
                    },
                    {
                        bidder: 'rubicon',
                        params: {
                            accountId: '17370',
                            siteId: '168024',
                            zoneId: '809472'
                        }
                    }]
            
            },{
            code: 'div-dfp-bottom_leaderboard',
            mediaTypes: {
                        banner: {
                            sizes: bottomLeaderboardSizes
                        }
            },
            bids: [
                    {
                        bidder: 'appnexus',
                        params: {
                              placementId: '13433659'
                        }
                    },
                    {
                        bidder: 'criteo',
                        params: {
                                    zoneId: (isMobile ? '1034965' : '1034965') // This verifies the user-agent navigator and fallbacks on the screensize
                                }
                    },
                    {
                        bidder: 'rubicon',
                        params: {
                            accountId: '17370',
                            siteId: '168024',
                            zoneId: '809472'
                        }
                    }]
            
            },{
            code: 'div-dfp-noticia_body',
            mediaTypes: {
                        banner: {
                            sizes: noticiaBodySizes
                        }
            },
            bids: [
                    {
                        bidder: 'appnexus',
                        params: {
                              placementId: '12505061'
                        }
                    },
                    {
                        bidder: 'criteo',
                        params: {
                                    zoneId: (isMobile ? '1034961' : '1034961') // This verifies the user-agent navigator and fallbacks on the screensize
                                }
                    },
                    {
                        bidder: 'eplanning',
                        params: { ci: '1c2a2' }
                    },
                    {
                        bidder: 'rubicon',
                        params: {
                            accountId: '17370',
                            siteId: '168024',
                            zoneId: '809472'
                        }
                    }]
            
    }];
   
var pbjs = pbjs || {};
pbjs.que = pbjs.que || [];



const customConfigObject = {
  ""buckets"" : [{
      ""precision"": 2,  //default is 2 if omitted - means 2.1234 rounded to 2 decimal places = 2.12
      ""min"" : 0,
      ""max"" : 50,
      ""increment"" : 0.01
    }]
};
  // set price granularity
  // http://prebid.org/dev-docs/examples/simplified-price-bucket-setup.html

pbjs.que.push(function() {
    //pbjs.setPriceGranularity(customConfigObject);
    pbjs.setConfig({ priceGranularity: customConfigObject });
//    pbjs.enableSendAllBids();
    pbjs.setConfig({enableSendAllBids: true});
});



//--><!]]>


<!--//--><![CDATA[//><!--
 (function() {
    var a = document,
    b = a.createElement(""script"");
    a = a.getElementsByTagName(""head"")[0];
    b.type = ""text/javascript"";
    b.async = !0;
    b.src = ""/sites/default/files/prebid/prebid1.26.0.js"";
    a.insertBefore(b, a.firstChild)
  })();
  
//--><!]]>


<!--//--><![CDATA[//><!--
var googletag = googletag || {};
  googletag.cmd = googletag.cmd || [];
  googletag.cmd.push(function() {
      googletag.pubads().disableInitialLoad();
  });


pbjs.que.push(function() {
    pbjs.addAdUnits(adUnits);
    pbjs.setConfig({
        sizeConfig: [{
            'mediaQuery': '(min-width: 1025px)',
            'sizesSupported': desktopSizes,
            'labels': ['desktop']
        }, {
            'mediaQuery': '(min-width: 768px) and (max-width: 1024px)',
            'sizesSupported': tabletSizes,
            'labels': ['tablet']
        }, {
            'mediaQuery': '(min-width: 320px) and (max-width: 812px)',
            'sizesSupported': phoneSizes,
            'labels': ['phone']
        }]
    });
    pbjs.requestBids({
        bidsBackHandler: sendAdserverRequest
    });
});

  function sendAdserverRequest() {
      if (pbjs.adserverRequestSent) return;
      pbjs.adserverRequestSent = true;
      googletag.cmd.push(function() {
          pbjs.que.push(function() {
              pbjs.setTargetingForGPTAsync();
              googletag.pubads().refresh();
          });
      });
  }

  setTimeout(function() {
      sendAdserverRequest();
  }, PREBID_TIMEOUT);
//--><!]]>


<!--//--><![CDATA[//><!--



    googletag.cmd.push(function() {
                /* mapping */

            var mapping_billboard = googletag.sizeMapping().
                addSize([320, 400], [[320, 50], [300, 50]]).
                addSize([320, 700], [[320, 50], [300, 50]]).
                addSize([480, 200], [[320, 50], [300, 50]]).
                addSize([768, 200], [0, 0]).
                addSize([980, 200], [[728, 90],[970,90]]).
                addSize([1000, 200],[[728, 90], [970, 90], [980, 65], [980, 250]]).
              build();
   var mapping_bottom = googletag.sizeMapping().
                addSize([320, 400], [[320, 50], [300, 50]]).
                addSize([320, 700], [[320, 50], [300, 50]]).
                addSize([480, 200], [[320, 50], [300, 50]]).
                addSize([768, 200], [0, 0]).
                addSize([980, 200], [[728, 90],[970,90],[980, 65], [980, 250]]).
                addSize([1000, 200],[[728, 90], [970, 90], [980, 65], [980, 250]]).
              build();

            var mapping_leaderboard_superleaderboard = googletag.sizeMapping().
                addSize([320, 400], [[320, 50], [300, 50]]).
                addSize([320, 700], [[320, 50], [300, 50]]).
                addSize([480, 200], [[320, 50], [300, 50]]).
                addSize([768, 200], [728,90]).
                addSize([980, 200], [[728,90], [970,90], [980,90]]).
                addSize([1000, 200], [[728,90], [970,90], [980,90]]).
              build();

            var mapping_right = googletag.sizeMapping().
                addSize([320, 400], [[300,250], [300,600], [300,400], [300,100]]).
                addSize([320, 700], [[300,250], [300,600], [300,400], [300,100]]).
                addSize([480, 200], [[300,250], [300,600], [300,400], [300,100]]).
                addSize([768, 200], [0,0]).
                addSize([980, 200], [[300,250], [300,600], [300,400], [300,100]]).
                addSize([1000, 200], [[300,250], [300,600], [300,400], [300,100]]).
              build();

            var mapping_skin = googletag.sizeMapping().
                addSize([320, 400], [0,0]).
                addSize([320, 700], [0,0]).
                addSize([480, 200], [0,0]).
                addSize([768, 200], [0,0]).
                addSize([980, 200], [0,0]).
                addSize([1000, 200], [[120,600],[120,960], [160,600],[160,960], [130, 1260]]).
              build();

            var mapping_libre_left = googletag.sizeMapping().
                addSize([320, 400], [300,250]).
                addSize([320, 700], [300,250]).
                addSize([480, 200], [300,250]).
                addSize([768, 200], [300,250]).
                addSize([980, 200], [[300,250], [440,370]]).
                addSize([1000, 200], [[300,250], [440,370]]).
              build();

            var mapping_libre_right = googletag.sizeMapping().
                addSize([320, 400], [300,250]).
                addSize([320, 700], [300,250]).
                addSize([480, 200], [300,250]).
                addSize([768, 200], [0,0]).
                addSize([980, 200], [[300,250],[300,90],[325,90],[120,60]]).
                addSize([1000, 200], [[300,250],[300,90],[325,90],[120,60]]).
              build();

            var mapping_libre_center = googletag.sizeMapping().
                addSize([320, 400], [[150,240], [120,60]]).
                addSize([320, 700], [[150,240], [120,60]]).
                addSize([480, 200], [[150,240], [120,60]]).
                addSize([768, 200], [0,0]).
                addSize([980, 200], [[150,240], [120,60]]).
                addSize([1000, 200], [[150,240], [120,60]]).
              build();

            var mapping_libre_top = googletag.sizeMapping().
                addSize([320, 400], [0,0]).
                addSize([320, 700], [0,0]).
                addSize([480, 200], [0,0]).
                addSize([768, 200], [0,0]).
                addSize([980, 200], [[300,90], [325,90], [120,60]]).
                addSize([1000, 200], [[300,90], [325,90], [120,60]]).
              build();

            var mapping_layer = googletag.sizeMapping().
                addSize([320, 400], [0,0]).
                addSize([320, 700], [0,0]).
                addSize([480, 200], [0,0]).
                addSize([768, 200], [1,1]).
                addSize([980, 200],[1,1]).
                addSize([1000, 200],[1,1]).
             build();

            var mapping_top1_home_mobile = googletag.sizeMapping().
                addSize([320, 400], [320,50]).
                addSize([320, 700], [320,50]).
                addSize([480, 200], [320,50]).
                addSize([768, 200], [320,50]).
                addSize([980, 200], [0,0]).
                addSize([1000, 200], [0,0]).
              build();


            var mapping_noticiabody = googletag.sizeMapping().
                addSize([320, 400], [300,250]).
                addSize([320, 700], [300,250]).
                addSize([480, 200], [300,250]).
                addSize([768, 200], [300,250]).
                addSize([980, 200], [300,250]).
                addSize([1000, 200], [300,250]).
              build();

   var mapping_top1_mobile = googletag.sizeMapping().
                addSize([320, 400], [320,50]).
                addSize([320, 700], [320,50]).
                addSize([480, 200], [320,50]).
                addSize([768, 200], [320,50]).
                addSize([980, 200], [0,0]).
                addSize([1000, 200], [0,0]).
              build();


            var mapping_billboard_desktop = googletag.sizeMapping().
                addSize([320, 400], [0,0]).
                addSize([320, 700], [0,0]).
                addSize([480, 200], [0,0]).
                addSize([768, 200], [0, 0]).
                addSize([980, 200], [[728, 90],[970,90]]).
                addSize([1000, 200],[[728, 90], [970, 90], [980, 65], [980, 250]]).
              build();


	var width = window.innerWidth || document.documentElement.clientWidth;

	
        if (width < 320) {
	

		 googletag.defineSlot('/178068052/www.eluniversal.com.mx/metropoli/noticia_top2', [320, 50], 'div-dfp-top2').defineSizeMapping(mapping_top1_mobile).addService(googletag.pubads()).setCollapseEmptyDiv(true,true);

		 googletag.defineSlot('/178068052/www.eluniversal.com.mx/metropoli/noticia_suscripciones', [300, 250], 'div-dfp-noticia_suscripciones').addService(googletag.pubads()).setCollapseEmptyDiv(true,true);

		 googletag.defineSlot('/178068052/www.eluniversal.com.mx/metropoli/noticia_layer', [1, 1], 'div-dfp-layer').defineSizeMapping(mapping_layer).addService(googletag.pubads()).setCollapseEmptyDiv(true,true);

	}

	
        if (width >= 320 && width < 768) {
	

		 googletag.defineSlot('/178068052/www.eluniversal.com.mx/metropoli/noticia_top2', [320, 50], 'div-dfp-top2').defineSizeMapping(mapping_top1_mobile).addService(googletag.pubads()).setCollapseEmptyDiv(true,true);

		 googletag.defineSlot('/178068052/www.eluniversal.com.mx/metropoli/noticia_suscripciones', [300, 250], 'div-dfp-noticia_suscripciones').addService(googletag.pubads()).setCollapseEmptyDiv(true,true);

		 googletag.defineSlot('/178068052/www.eluniversal.com.mx/metropoli/noticia_layer', [1, 1], 'div-dfp-layer').defineSizeMapping(mapping_layer).addService(googletag.pubads()).setCollapseEmptyDiv(true,true);

	}

	
        if (width >= 768) {
	

		 googletag.defineSlot('/178068052/www.eluniversal.com.mx/metropoli/portada_skin1', [120, 600], 'div-dfp-skin1').defineSizeMapping(mapping_skin).addService(googletag.pubads()).setCollapseEmptyDiv(true,true);

		 googletag.defineSlot('/178068052/www.eluniversal.com.mx/metropoli/portada_skin2', [120, 600], 'div-dfp-skin2').defineSizeMapping(mapping_skin).addService(googletag.pubads()).setCollapseEmptyDiv(true,true);

		 googletag.defineSlot('/178068052/www.eluniversal.com.mx/metropoli/noticia_top1', [970, 90], 'div-dfp-top1').defineSizeMapping(mapping_billboard_desktop).addService(googletag.pubads()).setCollapseEmptyDiv(true,true);

		 googletag.defineSlot('/178068052/www.eluniversal.com.mx/metropoli/noticia_right1', [300, 250], 'div-dfp-right1').defineSizeMapping(mapping_right).addService(googletag.pubads()).setCollapseEmptyDiv(true,true);

		 googletag.defineSlot('/178068052/www.eluniversal.com.mx/metropoli/noticia_right2', [300, 250], 'div-dfp-right2').defineSizeMapping(mapping_right).addService(googletag.pubads()).setCollapseEmptyDiv(true,true);

		 googletag.defineSlot('/178068052/www.eluniversal.com.mx/metropoli/noticia_right3', [300, 250], 'div-dfp-right3').defineSizeMapping(mapping_right).addService(googletag.pubads()).setCollapseEmptyDiv(true,true);

		 googletag.defineSlot('/178068052/www.eluniversal.com.mx/metropoli/noticia_suscripciones', [300, 250], 'div-dfp-noticia_suscripciones').addService(googletag.pubads()).setCollapseEmptyDiv(true,true);

		 googletag.defineSlot('/178068052/www.eluniversal.com.mx/metropoli/noticia_layer', [1, 1], 'div-dfp-layer').defineSizeMapping(mapping_layer).addService(googletag.pubads()).setCollapseEmptyDiv(true,true);

	}

	/*   googletag.pubads().enableAsyncRendering();*/
 googletag.pubads().enableAsyncRendering();




	
	googletag.enableServices();
    });
    
            <!------ Fin de Ad Server de Google DFP ------>

//--><!]]>


<!--//--><![CDATA[//><!--
jQuery.extend(Drupal.settings, {""basePath"":""\/"",""pathPrefix"":"""",""ajaxPageState"":{""theme"":""universal"",""theme_token"":""lLGGvuB-ErvMv5X0EBNszTGXIaEpZelkPnsjhvVpo1Y"",""js"":{""sites\/all\/libraries\/owl-carousel\/owl.carousel.min.js"":1,""\/\/micuenta.eluniversal.com.mx\/js\/validateSsoeu.js"":1,""https:\/\/sb.scorecardresearch.com\/c2\/6906641\/cs.js"":1,""0"":1,""1"":1,""\/sites\/all\/themes\/universal\/js\/grid.js"":1,""sites\/all\/modules\/jquery_update\/replace\/jquery\/1.7\/jquery.min.js"":1,""misc\/jquery.once.js"":1,""misc\/drupal.js"":1,""sites\/all\/libraries\/imediaelement\/build\/mediaelement.min.js"":1,""sites\/all\/modules\/jquery_update\/replace\/ui\/external\/jquery.cookie.js"":1,""https:\/\/ajax.googleapis.com\/ajax\/libs\/angularjs\/1.2.11\/angular.min.js"":1,""https:\/\/ajax.googleapis.com\/ajax\/libs\/angularjs\/1.2.11\/angular-sanitize.min.js"":1,""sites\/all\/modules\/angularjs\/js\/angular_resource.js"":1,""sites\/all\/modules\/lazyloader\/jquery.lazyloader.js"":1,""\/\/cdnapisec.kaltura.com\/p\/2051731\/sp\/205173100\/embedIframeJs\/uiconf_id\/32736212\/partner_id\/2051731"":1,""\/\/www.eluniversalvideo.com.mx\/js\/euVideoTV.js"":1,""\/\/www.eluniversalvideo.com.mx\/js\/kalscript.js"":1,""\/\/www.eluniversalvideo.com.mx\/js\/streamsense2.js"":1,""public:\/\/languages\/es_3dCAqElPXH6R_cBDjWT_vayfAXIxnYIIVsCvMjNyoJw.js"":1,""sites\/all\/libraries\/colorbox\/jquery.colorbox-min.js"":1,""sites\/all\/modules\/colorbox\/js\/colorbox.js"":1,""sites\/all\/modules\/colorbox\/js\/colorbox_load.js"":1,""sites\/all\/modules\/colorbox\/js\/colorbox_inline.js"":1,""sites\/all\/modules\/imediaelement\/imediaelement.min.js"":1,""2"":1,""sites\/all\/modules\/text_resize\/text_resize.js"":1,""sites\/all\/modules\/eluniversal\/bluekai\/bluekai.js"":1,""sites\/all\/modules\/eluniversal\/bluekai\/detect.js"":1,""sites\/all\/modules\/eluniversal\/eluniversal_dfp\/eluniversal_dfp.js"":1,""https:\/\/secure.widget.cloud.opta.net\/v3\/v3.opta-widgets.js"":1,""sites\/all\/modules\/eluniversal\/unimetas\/unimetas.js"":1,""sites\/all\/modules\/eluniversal\/url_cortas\/url_corta.js"":1,""https:\/\/s7.addthis.com\/js\/300\/addthis_widget.js#pubid=ra-557f1e3e365f246a"":1,""\/\/newsletter.eluniversal.com.mx\/frontend\/assets\/js\/WidgetForm.js"":1,""sites\/all\/themes\/universal\/js\/extras.js"":1,""sites\/all\/themes\/omega\/omega\/js\/jquery.formalize.js"":1,""sites\/all\/themes\/omega\/omega\/js\/omega-mediaqueries.js"":1,""sites\/all\/themes\/omega\/omega\/js\/omega-equalheights.js"":1,""3"":1,""https:\/\/static.chartbeat.com\/js\/chartbeat_mab.js"":1,""4"":1,""https:\/\/www.googletagservices.com\/tag\/js\/gpt.js"":1,""5"":1,""sites\/all\/themes\/universal\/js\/scripts.js"":1,""sites\/all\/themes\/universal\/js\/menu_header.js"":1,""6"":1,""7"":1,""8"":1,""9"":1},""css"":{""modules\/system\/system.base.css"":1,""modules\/system\/system.menus.css"":1,""modules\/system\/system.messages.css"":1,""sites\/all\/libraries\/imediaelement\/build\/mediaelementplayer.min.css"":1,""sites\/all\/libraries\/owl-carousel\/owl.carousel.css"":1,""sites\/all\/libraries\/owl-carousel\/owl.theme.css"":1,""sites\/all\/libraries\/owl-carousel\/owl.transitions.css"":1,""sites\/all\/modules\/calendar\/css\/calendar_multiday.css"":1,""sites\/all\/modules\/date\/date_api\/date.css"":1,""sites\/all\/modules\/date\/date_popup\/themes\/datepicker.1.7.css"":1,""modules\/field\/theme\/field.css"":1,""sites\/all\/modules\/find_content\/find_content.css"":1,""modules\/node\/node.css"":1,""sites\/all\/modules\/panopoly_core\/css\/panopoly-dropbutton.css"":1,""modules\/user\/user.css"":1,""sites\/all\/modules\/views\/css\/views.css"":1,""sites\/all\/modules\/lazyloader\/lazyloader.css"":1,""sites\/all\/modules\/ckeditor\/css\/ckeditor.css"":1,""sites\/all\/libraries\/colorbox\/example5\/colorbox.css"":1,""sites\/all\/modules\/ctools\/css\/ctools.css"":1,""sites\/all\/modules\/panels\/css\/panels.css"":1,""sites\/all\/modules\/text_resize\/text_resize.css"":1,""sites\/all\/modules\/panels\/plugins\/layouts\/twocol\/twocol.css"":1,""sites\/all\/modules\/node_embed\/plugins\/node_embed\/node_embed.css"":1,""https:\/\/secure.widget.cloud.opta.net\/v3\/css\/v3.core.opta-widgets.css"":1,""\/\/www.eluniversal.com.mx\/sites\/default\/files\/dfp\/dfptemp.css"":1,""sites\/all\/themes\/universal\/ajustes.css"":1,""sites\/all\/themes\/universal\/v_global.css"":1,""sites\/all\/themes\/universal\/h_goblal.css"":1,""sites\/all\/themes\/universal\/footer.css"":1,""sites\/all\/themes\/omega\/alpha\/css\/alpha-reset.css"":1,""sites\/all\/themes\/omega\/alpha\/css\/alpha-mobile.css"":1,""sites\/all\/themes\/omega\/alpha\/css\/alpha-alpha.css"":1,""sites\/all\/themes\/omega\/omega\/css\/formalize.css"":1,""sites\/all\/themes\/omega\/omega\/css\/omega-text.css"":1,""sites\/all\/themes\/omega\/omega\/css\/omega-branding.css"":1,""sites\/all\/themes\/omega\/omega\/css\/omega-menu.css"":1,""sites\/all\/themes\/omega\/omega\/css\/omega-forms.css"":1,""sites\/all\/themes\/universal\/css\/global.css"":1,""sites\/all\/themes\/universal\/css\/footer.css"":1,""ie::normal::sites\/all\/themes\/universal\/css\/universal-universal-default.css"":1,""ie::normal::sites\/all\/themes\/universal\/css\/universal-universal-default-normal.css"":1,""ie::normal::sites\/all\/themes\/universal\/css\/grid\/universal_default\/normal\/universal-default-normal-24.css"":1,""narrow::sites\/all\/themes\/universal\/css\/universal-universal-default.css"":1,""narrow::sites\/all\/themes\/universal\/css\/universal-universal-default-narrow.css"":1,""sites\/all\/themes\/universal\/css\/grid\/universal_default\/narrow\/universal-default-narrow-24.css"":1,""normal::sites\/all\/themes\/universal\/css\/universal-universal-default.css"":1,""normal::sites\/all\/themes\/universal\/css\/universal-universal-default-normal.css"":1,""sites\/all\/themes\/universal\/css\/grid\/universal_default\/normal\/universal-default-normal-24.css"":1,""sites\/all\/themes\/universal\/css\/ie-lte-9.css"":1,""sites\/all\/themes\/universal\/css\/ie-lte-8.css"":1}},""colorbox"":{""transition"":""elastic"",""speed"":""350"",""opacity"":""0.50"",""slideshow"":false,""slideshowAuto"":true,""slideshowSpeed"":""2500"",""slideshowStart"":""start slideshow"",""slideshowStop"":""stop slideshow"",""current"":""{current} of {total}"",""previous"":""\u00ab Prev"",""next"":""Next \u00bb"",""close"":""Close"",""overlayClose"":true,""maxWidth"":""500px"",""maxHeight"":""400px"",""initialWidth"":""300px"",""initialHeight"":""200px"",""fixed"":true,""scrolling"":true,""mobiledetect"":true,""mobiledevicewidth"":""480px""},""imediaelementAll"":true,""omega"":{""layouts"":{""primary"":""normal"",""order"":[""narrow"",""normal""],""queries"":{""narrow"":""all and (min-width: 740px) and (min-device-width: 740px), (max-device-width: 800px) and (min-width: 740px) and (orientation:landscape)"",""normal"":""all and (min-width: 980px) and (min-device-width: 980px), all and (max-device-width: 1024px) and (min-width: 1024px) and (orientation:landscape)""}}},""angularjsApp"":{""restws_csrf_token"":""WHxneMUQeTHodmHWfXbryWBfp0SYC156rX-7idLXKB8"",""basePath"":""https:\/\/www.eluniversal.com.mx\/""}});
//--><!]]>

jQuery(document).ready(function($){$(""body"").bind(""copy paste"",function(event){var navType = $(""body"").attr(""data-browsername"");if (navType==""MSIE""){window.clipboardData.setData(""Text"",""Agradecemos tu interés en nuestros contenidos, sin embargo; este material cuenta con derechos de propiedad intelectual, queda expresamente prohibido la publicación, retransmisión, distribución, venta, edición y cualquier otro uso de los contenidos (incluyendo, pero no limi- tado a, contenido, texto, fotografías, audios, videos y logotipos) sin previa autorización por escrito de EL UNIVERSAL, Compañía Periodística Nacional S. A. de C. V. Si deseas hacer uso de ellos te invitamos a visitar nuestra tienda en línea: http://tienda.agenciaeluniversal.mx , o bien, puedes comunicarte con nosotros para cualquier duda, comentario o sugerencia al teléfono: 57091313 Ext. 2406 y 2425 de lunes a viernes en horarios de oficina. Si deseas suscribete en nuestra versión impresa o digital, puedes comunicarte al teléfono 5709 1313 Ext. 1564 de lunes a viernes en horarios de oficina."");}else{event.originalEvent.clipboardData.setData(""Text"",""Agradecemos tu interés en nuestros contenidos, sin embargo; este material cuenta con derechos de propiedad intelectual, queda expresamente prohibido la publicación, retransmisión, distribución, venta, edición y cualquier otro uso de los contenidos (incluyendo, pero no limi- tado a, contenido, texto, fotografías, audios, videos y logotipos) sin previa autorización por escrito de EL UNIVERSAL, Compañía Periodística Nacional S. A. de C. V. Si deseas hacer uso de ellos te invitamos a visitar nuestra tienda en línea: http://tienda.agenciaeluniversal.mx , o bien, puedes comunicarte con nosotros para cualquier duda, comentario o sugerencia al teléfono: 57091313 Ext. 2406 y 2425 de lunes a viernes en horarios de oficina. Si deseas suscribete en nuestra versión impresa o digital, puedes comunicarte al teléfono 5709 1313 Ext. 1564 de lunes a viernes en horarios de oficina.""); }event.preventDefault();return false;});}); window._taboola=window._taboola||[],_taboola.push({article:""auto""}),!function(a,b,c,d){document.getElementById(d)||(a.async=1,a.src=c,a.id=d,b.parentNode.insertBefore(a,b))}(document.createElement(""script""),document.getElementsByTagName(""script"")[0],""https://cdn.taboola.com/libtrc/eluniversal-eluniversal/loader.js"",""tb_loader_script"");  



  window.dataLayer = window.dataLayer || [];
  function gtag(){dataLayer.push(arguments);}
  gtag('js', new Date());

  gtag('config', 'UA-119803574-1');








Pasar al contenido principal





		  googletag.cmd.push(function() { googletag.display('div-dfp-skin1'); });
 	  






		  googletag.cmd.push(function() { googletag.display('div-dfp-skin2'); });
 	  












		  googletag.cmd.push(function() { googletag.display('div-dfp-top1'); });
 	  







Aviso Oportuno


Revistas


Blogs


Servicios



Juegos


Agencia de Noticias


Click




 


 

 
























AMLO 2018-2024


FOTOS


VIDEO


GRÁFICOS








MxM






      Término de búsqueda        




NaciónSeguridad
Política
Sociedad

Mundo
MetrópoliD.F.
Edomex

Estados
AMLO 2018-2024
Opinión
CarteraFinanzas
Economía
Negocios
Management
Emprendedores
Tu cartera
Indicadores

Universal DeportesFútbol
Box
Béisbol
Más deportes

EspectáculosMúsica
Televisión
Cine
Teatro
Farándula

CulturaLetras
Artes visuales
Artes escénicas
Música
Patrimonio
Confabulario

Tiempo de relojes
Ciencia y SaludCiencia
Tecnología
Salud

Techbit
Menú
De Última
Destinos
Autopistas
English
Minuto x minuto
El Universal Video
 









  /****  Quitar cuaando termine el buen fin  ****/
  @media only screen and (max-width: 739px) {
    #loginsso{
      display: none !important;
    }
  }





 

	function readCookie(name) {
    	var nameEQ = name + ""="";
    	var ca = document.cookie.split(';');
    	for(var i=0;i < ca.length;i++) {
       	 var c = ca[i];
        	while (c.charAt(0)==' ') c = c.substring(1,c.length);
        	if (c.indexOf(nameEQ) == 0) return c.substring(nameEQ.length,c.length);
    	}
    return null;
	}

	var myCookie = readCookie('eluniversaluid');

	function udm_(e){var t=""comScore="",n=document,r=n.cookie,i="""",s=""indexOf"",o=""substring"",u=""length"",a=2048,f,l=""&ns_"",c=""&"",h,p,d,v,m=window,g=m.encodeURIComponent||escape;if(r[s](t)+1)for(d=0,p=r.split("";""),v=p[u];d<v;d++)h=p[d][s](t),h+1&&(i=c+	unescape(p[d][o](h+t[u])));e+=l+""_t=""+ +(new Date)+l+""c=""+(n.characterSet||n.defaultCharset||"""")+""&c8=""+g(n.title)+i+""&c7=""+g(n.URL)+""&c9=""+g(n.referrer),e[u]>a&&e[s](c)>0&&(f=e[o](0,a-8).lastIndexOf(c),e=(e[o](0,f)+l+""cut=""+g(e[o](f+1)))[o](0,a)),n.images?(h=new 	Image,m.ns_p||(ns_p=h),h.src=e):n.write(""<"",""p"",""><"",'img src=""',e,'"" height=""1"" width=""1"" alt=""*""',""><"",""/p"","">"")};udm_('https://sb.scorecardresearch.com/b?c1=2&c2=6906641&ns_site=el-universal&name=seccion.metropoli.nota.detalle.detienen_a_feminicida_en_miguel_hidalgo&liga=%2F%2Fwww.eluniversal.com.mx%2Fmetropoli%2Fcdmx%2Fdetienen-feminicida-en-miguel-hidalgo&category=metropoli_nota&seccion=metropoli&subseccion=cdmx&id=1459493&titulo=Detienen+a+feminicida+en+Miguel+Hidalgo&date=2018.11.29_03:19&tipo_contenido=nota&mi_cuenta='+ myCookie);


 
 


























Metrópolirss 


CDMXEdomex 



 














Es Noticia:



Clima CDMX 

Gabinete de Sheinbaum 

Unión Tepito 

Feminicidas de Ecatepec 

 







		  googletag.cmd.push(function() { googletag.display('div-dfp-top2'); });
 	  









Se encuentra usted aquíINICIO // Metrópoli // CDMX // Detienen a feminicida en Miguel Hidalgo 











 



Detienen a feminicida en Miguel Hidalgo





Alan “N” destazó a su víctima y dejó los restos en la calle; sujeto fue grabado y visto por testigos cuando dejaba bolsas 







FACEBOOK
TWITTER
Whatsapp
GOOGLE+

OTRAS

LINKEDIN
INSTAGRAM
PINTEREST
 




 





Caso. Alan “N” invitó a una mujer de 19 años a beber en su departamento, donde posteriormente la asesinó. Foto: ESPECIAL 





29/11/2018
03:19 





David Fuentes








 






  

 



-A +A 










 




[email protected]

La procuraduría local logró la detención de un presunto feminicida, quien de acuerdo con las investigaciones, asesinó y descuartizó a una “amiga”. Datos recabados por los agentes permitieron identificar al agresor, Alan “N”, de 38 años, pues este fue captado por cámaras de seguridad cuando en bolsas y botes, dejó los restos de la mujer en la calle.

Según sus primeras declaraciones, él invitó a la víctima a su domicilio el pasado 21 de mayo. Ahí ingirieron bebidas alcohólicas hasta que el imputado se embriagó, en ese estado fue que cometió el delito.

Se dio tiempo para desmembrar el cuerpo y poco a poco sacar los restos y dejarlos en la vía pública; sin embargo, testigos y las cámaras de vigilancia de la zona lo identificaron como el responsable.

Se espera que el Ministerio Público pueda acreditar el delito ante un juez y de esta manera el imputado purgue mínimo 60 años en prisión.

El fiscal Central de Investigación para la Atención del Delito de Homicidio, Roberto Aguas Becerra, explicó que el feminicidio se registró en un departamento de la Cerrada de México-Tacuba, colonia San Diego Ocoyoacac, alcaldía Miguel Hidalgo.

Los exámenes periciales revelaron que el agresor asfixió a la víctima, una mujer de 19 años, y después dejó los restos en diferentes calles de la colonia Tacuba.

Indagatoria. De las investigaciones de la Policía de Investigación y de la Coordinación General de Servicios Periciales adscritos a la Fiscalía Central de Investigación para la Atención del Delito de Homicidio, dijo el funcionario, se obtuvieron diversos videos en los que se observa que la mañana del 21 de mayo, la víctima entró al domicilio del inculpado.

Otro video, añadió, revela que cuatro días después el imputado salió con una bolsa color verde en el hombro y se dirigió a la calle de Lago Winnipeg, donde la arrojó. Tras reportar el hallazgo, se encontraron en su interior dos extremidades femeninas.

Al día siguiente, expuso, cámaras particulares captaron cuando el mismo hombre salió de su domicilio con un bote de basura con ruedas, del cual colgaba otra bolsa de color verde con el resto de las partes corporales, las cuales fueron encontradas en la calle de Nicaragua.

Al continuar con las investigaciones del caso, Roberto Aguas indicó que se obtuvo la identidad del inculpado y el testimonio de dos personas, quienes confirmaron que la víctima estuvo en el domicilio días antes del hallazgo del cuerpo y que es la misma persona que se observa en los videos con las bolsas verdes que contenían los restos humanos.

Luego de analizar los datos de prueba, un Juez de Control concedió una orden de aprehensión contra el imputado, la cual fue cumplimentada el 24 de noviembre, ingresado al Reclusorio Preventivo Varonil, donde enfrentará un proceso por feminicidio, el cual es sancionado con hasta 60 años de cárcel, de acuerdo con el Código Penal para la Ciudad de México, explicó el fiscal.









		  googletag.cmd.push(function() { googletag.display('div-dfp-noticia_suscripciones'); });
 	  






















 









FACEBOOK
TWITTER
Whatsapp
GOOGLE+

OTRAS

LINKEDIN
INSTAGRAM
PINTEREST
 



TEMAS 


Detienen a feminicida 

Miguel Hidalgo 

feminicidio 

víctima 












   window._seedtagq = window._seedtagq || [];
   window._seedtagq.push(['_setId', '4424-6708-01']);
   (function () {
     var st = document.createElement('script');
     st.type = 'text/javascript';
     st.async = true;
     st.src = ('https:' == document.location.protocol
       ? 'https'
       : 'http') + '://config.seedtag.com/loader.js?v=' + Math.random();
     var s = document.getElementsByTagName('script')[0];
     s.parentNode.insertBefore(st, s);
   })();
    







		  googletag.cmd.push(function() { googletag.display('div-dfp-noticiabody'); });
 	  
















  window._taboola = window._taboola || [];
  _taboola.push({
    mode: 'thumbnails-rr4',
    container: 'taboola-right-rail-thumbnails---article',
    placement: 'Right Rail Thumbnails - Article',
    target_type: 'mix'
  });





 








		  googletag.cmd.push(function() { googletag.display('div-dfp-right1'); });
 	  













 


    window._taboola = window._taboola || [];
    _taboola.push({
      mode: 'thumbnails-c',
      container: 'taboola-below-article-thumbnails',
      placement: 'Below Article Thumbnails',
      target_type: 'mix'
    });  
  





 



COMENTARIOS 


















		  googletag.cmd.push(function() { googletag.display('div-dfp-right3'); });
 	  















NOTICIAS DEL DÍA 



Ir a la portada


 
 





 
 ¡En vivo! Pumas 0-0 América, semifinal Apertura 2018 

 





 
 Boletos agotados para la final entre Tigres y América femenil  

 





 
 Indígenas piden a AMLO justicia para sobrevivientes de Acteal 
 
 



VIVEUSA 



 
  
 Ariel Winter luce sexy vestido de lentejuelas  

  
 Conoce el mejor secreto turístico que guarda NY 

  
 Margot Robbie cautiva con vestido braless de encaje 
 
 













		  googletag.cmd.push(function() { googletag.display('div-dfp-bottom1'); });
 	  











<!--//--><![CDATA[// ><!--

if(""""==""Cintillo BBC""){

!function(s,e,n,c,r){if(r=s._ns_bbcws=s._ns_bbcws||r,s[r]||(s[r+""_d""]=s[r+""_d""]||[ ],s[r]=function(){s[r+""_d""].push(arguments)},s[r].sources=[]),c&&0>s[r].sources.indexOf(c)){var t=e.createElement(n);t.async=1,t.src=c;var a=e.getElementsByTagName(n)[0];a.parentNode.insertBefore(t,a),s[r].sources.push(c) }}
(window,document,""script"",""https://news.files.bbci.co.uk/ws/partner-analytics/js/pageTracker.min.js"",""s_bbcws"");

s_bbcws('partner', 'eluniversal.com.mx');
s_bbcws('language', 'mundo');
s_bbcws('track', 'pageView');

}else{  }

//--><!]]>
 







		  googletag.cmd.push(function() { googletag.display('div-dfp-layer'); });
 	  






  
    .field-name-body{
          display: block !important;
    }

 .pane-node-field-pie{
     background-color: #fff  !important;
color:#000 !important;
}
.field-name-field-pie{
color:#000 !important;
}


  @media only screen and (max-width: 739px) {

#apertura .inside .pane-node-field-pie{
 background-color: #fff  !important;
color: #000  !important;
}

#apertura .inside .pane-node-field-pie .pane-content .field-name-field-pie{
color:#000 !important;
}

    .universal-secciones-desplegable ul.menu li:first-child #sso_content{
      vertical-align: top !important;
      display: inline-flex !important;
    }
    .universal-secciones-desplegable ul.menu li:first-child #sso_content #ssoeu_buttons > span{
      color: #fff !important;
      font-size: 18px !important;
      line-height: 1.3 !important;
    }
    .universal-secciones-desplegable ul.menu li:first-child #sso_content #ssoeu_buttons > span > a{
      display: block !important;
    }

  }

span.icon-circleWhatsapp.shrwa.showOnlyMobile {
    width: auto !important;
}
 






 
 







DirectorioContáctanosCódigo de ÉticaCómo cubrimos la ViolenciaPublicidadAviso LegalAviso PrivacidadMapa del SitioHistoriaAviso de Privacidad: EL UNIVERSAL, COMPAÑÍA PERIODÍSTICA NACIONAL, S.A. DE C.V. 





Descargar nuestra app







© 2000 - 2018 Todos los derechos reservados
EL UNIVERSAL, Compañía Periodística Nacional. De no existir previa autorización, queda expresamente prohibida la Publicación, retransmisión, edición y cualquier otro uso de los contenidos





X


		  googletag.cmd.push(function() { googletag.display('div-dfp-bottom_leaderboard'); });
 	  



  






	var user = detect.parse(navigator.userAgent);


	var date = new Date(); 
	var weekdays = [""0"", ""1"", ""2"", ""3"", ""4"", ""5"", ""6""]; 
  	var hora = date.getHours();
	var weekday = weekdays[date.getDay()]; 



		 bk_addPageCtx(""__bk_l"", '/metropoli/cdmx/detienen-feminicida-en-miguel-hidalgo');
		 bk_addPageCtx(""__bk_t"", 'Detienen a feminicida en Miguel Hidalgo');
		 bk_addPageCtx(""article_tags"", 'Detienen a feminicida,Miguel Hidalgo,feminicidio,víctima');
				bk_addPageCtx(""device_browser"", user.browser.family.toLowerCase());
		bk_addPageCtx(""device_os"", user.os.family.toLowerCase().replace(' ','-').replace(' ','-') );
		bk_addPageCtx(""device_type"", user.device.type.toLowerCase());
		bk_addPageCtx(""day_week"", weekday);
		bk_addPageCtx(""hour_of_day"", hora);

		bk_allow_multiple_calls=true;
		bk_use_multiple_iframes=true;
		bk_doJSTag(41920, 10); 







<!--//--><![CDATA[//><!--
_satellite.pageBottom();
//--><!]]>


<!--//--><![CDATA[//><!--

       (function() {
         var _sf_async_config = window._sf_async_config = (window._sf_async_config || {});
         _sf_async_config.sections = 'Metropoli'; // CHANGE THIS TO YOUR SECTION NAME(s)
         _sf_async_config.authors = 'David-Fuentes'; // CHANGE THIS TO YOUR AUTHOR NAME(s)
         function loadChartbeat() {
             var e = document.createElement('script');
             var n = document.getElementsByTagName('script')[0];
             e.type = 'text/javascript';
             e.async = true;
             e.src = 'https://static.chartbeat.com/js/chartbeat.js';
             n.parentNode.insertBefore(e, n);
         }
         loadChartbeat();
       })();
//--><!]]>


window._taboola=window._taboola || []; _taboola.push({flush: true}); 


"
